source,url,topicSignals,evidenceType
woovi.com,https://woovi.com/api-pix/pix/,Pix for businesses; Pix API and payment APIs,Sitemap URL path; not measured search queries or rankings
woovi.com,https://woovi.com/artigos/a-woovi-e-a-primeira-plataforma-pix-first-do-mundo/,Pix for businesses,Sitemap URL path; not measured search queries or rankings
woovi.com,https://woovi.com/artigos/alavanque-suas-vendas-com-pix-no-woocommerce/,"Pix for businesses; POS, NFC and ready-made connectors",Sitemap URL path; not measured search queries or rankings
woovi.com,https://woovi.com/artigos/alcance-o-infinito-com-woovi-zapier-potencialize-suas-vendas-e-transforme-seu-negocio/,"POS, NFC and ready-made connectors",Sitemap URL path; not measured search queries or rankings
woovi.com,https://woovi.com/artigos/api-do-nubank-como-a-woovi-pode-ser-a-solucao-que-voce-procura/,,Sitemap URL path; not measured search queries or rankings
woovi.com,https://woovi.com/artigos/api-pix-para-pagamentos-e-transferencias-pix-out-da-woovi/,Pix for businesses; Pix API and payment APIs; Other fintech education,Sitemap URL path; not measured search queries or rankings
woovi.com,https://woovi.com/artigos/carne-pix-a-solucao-pratica-e-economica-para-cobrancas-recorrentes/,Pix for businesses; Pix collection and QR code; Automatic or recurring Pix,Sitemap URL path; not measured search queries or rankings
woovi.com,https://woovi.com/artigos/checkout-pix-como-a-woovi-pode-ajudar-a-melhorar-suas-vendas-online/,Pix for businesses; Payment links and hosted checkout,Sitemap URL path; not measured search queries or rankings
woovi.com,https://woovi.com/artigos/cobranca-pix-com-vencimento-multa-e-juros/,Pix for businesses; Pix collection and QR code,Sitemap URL path; not measured search queries or rankings
woovi.com,https://woovi.com/artigos/como-pagar-seus-fornecedores-com-o-pix-de-forma-simples-e-segura-pela-woovi/,Pix for businesses,Sitemap URL path; not measured search queries or rankings
woovi.com,https://woovi.com/artigos/como-um-provedor-de-internet-pode-usar-o-pix-nas-mensalidades/,Pix for businesses,Sitemap URL path; not measured search queries or rankings
woovi.com,https://woovi.com/artigos/conta-nominal-vs-conta-bolsao-recebimento-pagamentos/,Other fintech education,Sitemap URL path; not measured search queries or rankings
woovi.com,https://woovi.com/artigos/extrato-woovi-ofx-gestao-financeira/,Reconciliation and webhooks; Other fintech education,Sitemap URL path; not measured search queries or rankings
woovi.com,https://woovi.com/artigos/folha-de-pagamentos-pelo-pix-com-a-woovi-agilidade-seguranca-e-controle-financeiro-para-sua-empresa/,Pix for businesses; Other fintech education,Sitemap URL path; not measured search queries or rankings
woovi.com,https://woovi.com/artigos/garantir-que-apenas-o-cliente-correto-pague-uma-cobranca-pix/,Pix for businesses; Pix collection and QR code,Sitemap URL path; not measured search queries or rankings
woovi.com,https://woovi.com/artigos/iniciador-de-transacao-de-pagamento-pix-itp-a-revolucao-nas-transacoes-financeiras-que-esta-ampliando/,Pix for businesses; Other fintech education,Sitemap URL path; not measured search queries or rankings
woovi.com,https://woovi.com/artigos/integrando-aws-lambda-com-pix/,Pix for businesses,Sitemap URL path; not measured search queries or rankings
woovi.com,https://woovi.com/artigos/mais-controle-financeiro-com-novos-filtros-na-conta-pj-da-woovi/,Business accounts and subaccounts; Other fintech education,Sitemap URL path; not measured search queries or rankings
woovi.com,https://woovi.com/artigos/maquininhas-pix/,"Pix for businesses; POS, NFC and ready-made connectors",Sitemap URL path; not measured search queries or rankings
woovi.com,https://woovi.com/artigos/maximize-as-vendas-da-sua-loja-fisica-com-a-maquininha-pix-woovi/,"Pix for businesses; POS, NFC and ready-made connectors",Sitemap URL path; not measured search queries or rankings
woovi.com,https://woovi.com/artigos/medir-a-taxa-de-conversao-das-suas-cobrancas-em-tempo-real/,Pix collection and QR code,Sitemap URL path; not measured search queries or rankings
woovi.com,https://woovi.com/artigos/migracao-obrigatoria-baas-vedacao-conta-bolsao/,Banking as a Service and embedded finance,Sitemap URL path; not measured search queries or rankings
woovi.com,https://woovi.com/artigos/multicontas-woovi-a-solucao-definitiva-para-simplificar-e-otimizar-as-transacoes-financeiras-das-suas-empresas/,Other fintech education,Sitemap URL path; not measured search queries or rankings
woovi.com,https://woovi.com/artigos/novas-regras-do-banco-central-para-o-pix-o-que-muda-e-por-que-clientes-woovi-nao-sao-afetados/,Pix for businesses,Sitemap URL path; not measured search queries or rankings
woovi.com,https://woovi.com/artigos/novidades-no-pix-para-empresas-em2026/,Pix for businesses,Sitemap URL path; not measured search queries or rankings
woovi.com,https://woovi.com/artigos/novos-formatos-de-relatorios-de-extrato-woovi-mais-visibilidade-controle-e-inteligencia-financeira/,Reconciliation and webhooks; Other fintech education,Sitemap URL path; not measured search queries or rankings
woovi.com,https://woovi.com/artigos/o-pix-boleto-esta-modernizando-os-recebimentos-no-brasil/,Pix for businesses; Boleto and Bolepix,Sitemap URL path; not measured search queries or rankings
woovi.com,https://woovi.com/artigos/o-que-e-scalar-documentacao-api-pix/,Pix for businesses; Pix API and payment APIs,Sitemap URL path; not measured search queries or rankings
woovi.com,https://woovi.com/artigos/o-que-e-uma-conta-escrow-e-por-que-ela-e-importante-em-transacoes-financeiras/,Other fintech education,Sitemap URL path; not measured search queries or rankings
woovi.com,https://woovi.com/artigos/o-que-significa-ser-participante-direto-do-pix/,Pix for businesses,Sitemap URL path; not measured search queries or rankings
woovi.com,https://woovi.com/artigos/pagamento-pix-em-lote-como-automatizar-processos-financeiros-e-ganhar-escala/,Pix for businesses; Other fintech education,Sitemap URL path; not measured search queries or rankings
woovi.com,https://woovi.com/artigos/pagamentos-pix-jogos-competitivos-woovi/,Pix for businesses; Other fintech education,Sitemap URL path; not measured search queries or rankings
woovi.com,https://woovi.com/artigos/pix-acima-de-r-15-mil-como-empresas-podem-operar-sem-restricoes/,Pix for businesses,Sitemap URL path; not measured search queries or rankings
woovi.com,https://woovi.com/artigos/pix-autenticacao-o-que-e-e-como-validar-contas-bancarias-usando-pix/,Pix for businesses,Sitemap URL path; not measured search queries or rankings
woovi.com,https://woovi.com/artigos/pix-crediario-a-nova-solucao-para-impulsionar-suas-vendas/,"Pix for businesses; Credit, installment plans and receivables",Sitemap URL path; not measured search queries or rankings
woovi.com,https://woovi.com/artigos/pix-magento-1-conheca-plugin-da-woovi-e-revolucione-suas-vendas/,"Pix for businesses; POS, NFC and ready-made connectors",Sitemap URL path; not measured search queries or rankings
woovi.com,https://woovi.com/artigos/pix-mais-seguro-bacen-vai-bloquear-chaves-pix-com-marcacao-de-fraude-a-partir-de-outubro/,Pix for businesses,Sitemap URL path; not measured search queries or rankings
woovi.com,https://woovi.com/artigos/pix-na-conciliacao-bancaria-como-essa-nova-ferramenta-pode-agilizar-e-facilitar-a-gestao-financeira-da-sua-empresa/,Pix for businesses; Reconciliation and webhooks; Other fintech education,Sitemap URL path; not measured search queries or rankings
woovi.com,https://woovi.com/artigos/pix-nao-tem-imposto-e-nem-vai-ter-entenda-tudo/,Pix for businesses,Sitemap URL path; not measured search queries or rankings
woovi.com,https://woovi.com/artigos/pix-no-whatsapp-turbine-o-seu-negocio-simplificando-seus-meios-de-pagamento/,Pix for businesses; Other fintech education,Sitemap URL path; not measured search queries or rankings
woovi.com,https://woovi.com/artigos/pix-para-recorrencia-por-que-usar-o-pix-em-assinaturas/,Pix for businesses; Automatic or recurring Pix,Sitemap URL path; not measured search queries or rankings
woovi.com,https://woovi.com/artigos/pix-split-pagamentos-prestadores-pj/,Pix for businesses; Split payments; Other fintech education,Sitemap URL path; not measured search queries or rankings
woovi.com,https://woovi.com/artigos/pix-tef-a-revolucao-nos-pagamentos-que-vai-impulsionar-o-seu-negocio/,"Pix for businesses; POS, NFC and ready-made connectors; Other fintech education",Sitemap URL path; not measured search queries or rankings
woovi.com,https://woovi.com/artigos/por-que-voce-deve-solicitar-a-chave-pix-do-seu-cliente-em-vez-dos-dados-bancarios/,Pix for businesses,Sitemap URL path; not measured search queries or rankings
woovi.com,https://woovi.com/artigos/potencialize-seus-processos-de-pagamento-com-o-webhook-pix-da-woovi-integracao-automatizada-e-eficiente/,Pix for businesses; Reconciliation and webhooks; Other fintech education,Sitemap URL path; not measured search queries or rankings
woovi.com,https://woovi.com/artigos/transforme-seu-negocio-com-split-pix-mais-eficiencia-e-economia-em-suas-vendas/,Pix for businesses; Split payments,Sitemap URL path; not measured search queries or rankings
woovi.com,https://woovi.com/artigos/tudo-sobre-o-pix-parcelado/,"Pix for businesses; Credit, installment plans and receivables",Sitemap URL path; not measured search queries or rankings
woovi.com,https://woovi.com/artigos/validacao-de-dados-bancarios-seguranca-e-eficiencia-para-seus-pagamentos/,Other fintech education,Sitemap URL path; not measured search queries or rankings
woovi.com,https://woovi.com/artigos/webhook-para-cobrancas-e-pagamentos-com-a-woovi-tudo-o-que-voce-precisa-saber/,Pix collection and QR code; Reconciliation and webhooks; Other fintech education,Sitemap URL path; not measured search queries or rankings
woovi.com,https://woovi.com/artigos/woovi-100-operacional-infraestrutura-propria-resiliencia-pix/,Pix for businesses,Sitemap URL path; not measured search queries or rankings
woovi.com,https://woovi.com/artigos/woovi-app-store-como-integrar-pagamentos-ao-seu-sistema-e-ganhar-com-isso-1/,Other fintech education,Sitemap URL path; not measured search queries or rankings
woovi.com,https://woovi.com/artigos/woovi-conquista-nota-maxima-aaa-em-todos-os-indicadores-pix-do-banco-central/,Pix for businesses,Sitemap URL path; not measured search queries or rankings
woovi.com,https://woovi.com/artigos/woovi-lanca-maquininha-pix-sem-mensalidades-sem-assinaturas-usando-impressoras-termicas/,"Pix for businesses; Automatic or recurring Pix; POS, NFC and ready-made connectors",Sitemap URL path; not measured search queries or rankings
woovi.com,https://woovi.com/artigos/woovi-n8n-integre-o-pix-pelo-n8n-de-forma-simples-e-facil/,Pix for businesses,Sitemap URL path; not measured search queries or rankings
woovi.com,https://woovi.com/artigos/woovi-tester-como-testar-pix/,Pix for businesses,Sitemap URL path; not measured search queries or rankings
woovi.com,https://woovi.com/baas/,Banking as a Service and embedded finance,Sitemap URL path; not measured search queries or rankings
woovi.com,https://woovi.com/booklet-pix/,Pix for businesses,Sitemap URL path; not measured search queries or rankings
woovi.com,https://woovi.com/changelog/acesso-rapido-woovi/,,Sitemap URL path; not measured search queries or rankings
woovi.com,https://woovi.com/changelog/gerencie-sua-operacao-de-baas-na-plataforma-da-woovi/,Banking as a Service and embedded finance,Sitemap URL path; not measured search queries or rankings
woovi.com,https://woovi.com/changelog/pagamento-de-boleto/,Boleto and Bolepix; Other fintech education,Sitemap URL path; not measured search queries or rankings
woovi.com,https://woovi.com/changelog/venda-de-stablecoin-usdtusdc-direto-para-pix/,Pix for businesses; Pix to stablecoins,Sitemap URL path; not measured search queries or rankings
woovi.com,https://woovi.com/funcionalidades/pagamento-de-boleto/,Boleto and Bolepix; Other fintech education,Sitemap URL path; not measured search queries or rankings
woovi.com,https://woovi.com/help/pagando-com-pix/,Pix for businesses,Sitemap URL path; not measured search queries or rankings
woovi.com,https://woovi.com/indirect-pix/,Pix for businesses,Sitemap URL path; not measured search queries or rankings
woovi.com,https://woovi.com/instituicao-de-pagamento/,Other fintech education,Sitemap URL path; not measured search queries or rankings
woovi.com,https://woovi.com/live/tudo-sobre-split-pix/,Pix for businesses; Split payments,Sitemap URL path; not measured search queries or rankings
woovi.com,https://woovi.com/modulos/pix-conta-salario/,Pix for businesses,Sitemap URL path; not measured search queries or rankings
woovi.com,https://woovi.com/modulos/pix-crediario/,"Pix for businesses; Credit, installment plans and receivables",Sitemap URL path; not measured search queries or rankings
woovi.com,https://woovi.com/modulos/pix-debito-automatico/,Pix for businesses; Automatic or recurring Pix,Sitemap URL path; not measured search queries or rankings
woovi.com,https://woovi.com/modulos/pix-gateway/,Pix for businesses,Sitemap URL path; not measured search queries or rankings
woovi.com,https://woovi.com/modulos/pix-load-balancer/,Pix for businesses,Sitemap URL path; not measured search queries or rankings
woovi.com,https://woovi.com/modulos/pix-paywall/,Pix for businesses,Sitemap URL path; not measured search queries or rankings
woovi.com,https://woovi.com/modulos/pix-whatsapp/,Pix for businesses,Sitemap URL path; not measured search queries or rankings
woovi.com,https://woovi.com/modulos/salesforce-pix/,Pix for businesses,Sitemap URL path; not measured search queries or rankings
woovi.com,https://woovi.com/modulos/sap-pix-module/,Pix for businesses,Sitemap URL path; not measured search queries or rankings
woovi.com,https://woovi.com/modulos/totvs-pix-module/,Pix for businesses,Sitemap URL path; not measured search queries or rankings
woovi.com,https://woovi.com/payments/,Other fintech education,Sitemap URL path; not measured search queries or rankings
woovi.com,https://woovi.com/payments/pix-batch-payment/,Pix for businesses; Other fintech education,Sitemap URL path; not measured search queries or rankings
woovi.com,https://woovi.com/payments/pix-conta-salario/,Pix for businesses; Other fintech education,Sitemap URL path; not measured search queries or rankings
woovi.com,https://woovi.com/pix-batch-charge/,Pix for businesses; Pix collection and QR code,Sitemap URL path; not measured search queries or rankings
woovi.com,https://woovi.com/pix-batch-payment/,Pix for businesses; Other fintech education,Sitemap URL path; not measured search queries or rankings
woovi.com,https://woovi.com/pix-cobv/,Pix for businesses,Sitemap URL path; not measured search queries or rankings
woovi.com,https://woovi.com/pix-copy-and-paste/,Pix for businesses; Pix collection and QR code,Sitemap URL path; not measured search queries or rankings
woovi.com,https://woovi.com/pix-machine/,"Pix for businesses; POS, NFC and ready-made connectors",Sitemap URL path; not measured search queries or rankings
woovi.com,https://woovi.com/pix-online/,Pix for businesses,Sitemap URL path; not measured search queries or rankings
woovi.com,https://woovi.com/pix-tef/,"Pix for businesses; POS, NFC and ready-made connectors",Sitemap URL path; not measured search queries or rankings
woovi.com,https://woovi.com/pix/,Pix for businesses,Sitemap URL path; not measured search queries or rankings
woovi.com,https://woovi.com/pix/api-pix/,Pix for businesses; Pix API and payment APIs,Sitemap URL path; not measured search queries or rankings
woovi.com,https://woovi.com/pix/check/,Pix for businesses,Sitemap URL path; not measured search queries or rankings
woovi.com,https://woovi.com/pix/email/,Pix for businesses,Sitemap URL path; not measured search queries or rankings
woovi.com,https://woovi.com/pix/erp/,"Pix for businesses; POS, NFC and ready-made connectors",Sitemap URL path; not measured search queries or rankings
woovi.com,https://woovi.com/pix/fatura-pix/,Pix for businesses,Sitemap URL path; not measured search queries or rankings
woovi.com,https://woovi.com/pix/fraud-validation/,Pix for businesses,Sitemap URL path; not measured search queries or rankings
woovi.com,https://woovi.com/pix/java/,Pix for businesses,Sitemap URL path; not measured search queries or rankings
woovi.com,https://woovi.com/pix/javascript/,Pix for businesses,Sitemap URL path; not measured search queries or rankings
woovi.com,https://woovi.com/pix/nodejs/,Pix for businesses,Sitemap URL path; not measured search queries or rankings
woovi.com,https://woovi.com/pix/pagamento-em-lote/,Pix for businesses; Other fintech education,Sitemap URL path; not measured search queries or rankings
woovi.com,https://woovi.com/pix/php/,Pix for businesses,Sitemap URL path; not measured search queries or rankings
woovi.com,https://woovi.com/pix/pix-automatico/,Pix for businesses; Automatic or recurring Pix,Sitemap URL path; not measured search queries or rankings
woovi.com,https://woovi.com/pix/pix-batch-charge/,Pix for businesses; Pix collection and QR code,Sitemap URL path; not measured search queries or rankings
woovi.com,https://woovi.com/pix/pix-boleto/,Pix for businesses; Boleto and Bolepix,Sitemap URL path; not measured search queries or rankings
woovi.com,https://woovi.com/pix/pix-charge-excel/,Pix for businesses; Pix collection and QR code,Sitemap URL path; not measured search queries or rankings
woovi.com,https://woovi.com/pix/pix-charge/,Pix for businesses; Pix collection and QR code,Sitemap URL path; not measured search queries or rankings
woovi.com,https://woovi.com/pix/pix-cobv/,Pix for businesses,Sitemap URL path; not measured search queries or rankings
woovi.com,https://woovi.com/pix/pix-copy-and-paste/,Pix for businesses; Pix collection and QR code,Sitemap URL path; not measured search queries or rankings
woovi.com,https://woovi.com/pix/pix-crediario/,"Pix for businesses; Credit, installment plans and receivables",Sitemap URL path; not measured search queries or rankings
woovi.com,https://woovi.com/pix/pix-debito-automatico/,Pix for businesses; Automatic or recurring Pix,Sitemap URL path; not measured search queries or rankings
woovi.com,https://woovi.com/pix/pix-multiaccounts/,Pix for businesses; Business accounts and subaccounts,Sitemap URL path; not measured search queries or rankings
woovi.com,https://woovi.com/pix/pix-payment-link/,Pix for businesses; Payment links and hosted checkout; Other fintech education,Sitemap URL path; not measured search queries or rankings
woovi.com,https://woovi.com/pix/pix-paywall/,Pix for businesses,Sitemap URL path; not measured search queries or rankings
woovi.com,https://woovi.com/pix/pix-qrcode/,Pix for businesses; Pix collection and QR code,Sitemap URL path; not measured search queries or rankings
woovi.com,https://woovi.com/pix/pix-split/,Pix for businesses; Split payments,Sitemap URL path; not measured search queries or rankings
woovi.com,https://woovi.com/pix/pix-subscription/,Pix for businesses; Automatic or recurring Pix,Sitemap URL path; not measured search queries or rankings
woovi.com,https://woovi.com/pix/pix-tef/,"Pix for businesses; POS, NFC and ready-made connectors",Sitemap URL path; not measured search queries or rankings
woovi.com,https://woovi.com/pix/react/,Pix for businesses,Sitemap URL path; not measured search queries or rankings
woovi.com,https://woovi.com/pix/static-pix/,Pix for businesses; Pix collection and QR code,Sitemap URL path; not measured search queries or rankings
woovi.com,https://woovi.com/pix/webhook/,Pix for businesses; Reconciliation and webhooks,Sitemap URL path; not measured search queries or rankings
woovi.com,https://woovi.com/pix/websocket/,Pix for businesses,Sitemap URL path; not measured search queries or rankings
woovi.com,https://woovi.com/pix/whatsapp/,Pix for businesses,Sitemap URL path; not measured search queries or rankings
woovi.com,https://woovi.com/pix/woovi-parcelado/,"Pix for businesses; Credit, installment plans and receivables",Sitemap URL path; not measured search queries or rankings
woovi.com,https://woovi.com/pix/woovi-solar/,Pix for businesses,Sitemap URL path; not measured search queries or rankings
woovi.com,https://woovi.com/plugins/zapier/,"POS, NFC and ready-made connectors",Sitemap URL path; not measured search queries or rankings
woovi.com,https://woovi.com/podcast-hubpix/,Pix for businesses,Sitemap URL path; not measured search queries or rankings
woovi.com,https://woovi.com/podcast-hubpix/a-formula-para-aumentar-as-vendas-do-seu-site/,Pix for businesses,Sitemap URL path; not measured search queries or rankings
woovi.com,https://woovi.com/podcast-hubpix/como-gerir-o-pix-da-sua-empresa/,Pix for businesses,Sitemap URL path; not measured search queries or rankings
woovi.com,https://woovi.com/politicas/parceria-baas/,Banking as a Service and embedded finance,Sitemap URL path; not measured search queries or rankings
woovi.com,https://woovi.com/press/pix-crediario/,"Pix for businesses; Credit, installment plans and receivables",Sitemap URL path; not measured search queries or rankings
woovi.com,https://woovi.com/press/pix-qubit/,Pix for businesses,Sitemap URL path; not measured search queries or rankings
woovi.com,https://woovi.com/prez/openpix/,Pix for businesses,Sitemap URL path; not measured search queries or rankings
woovi.com,https://woovi.com/products/clickpix/,Pix for businesses,Sitemap URL path; not measured search queries or rankings
woovi.com,https://woovi.com/products/cobranca/,Pix collection and QR code,Sitemap URL path; not measured search queries or rankings
woovi.com,https://woovi.com/produtos/baas/lista/,Banking as a Service and embedded finance,Sitemap URL path; not measured search queries or rankings
woovi.com,https://woovi.com/produtos/pix-automatico/cpc/,Pix for businesses; Automatic or recurring Pix,Sitemap URL path; not measured search queries or rankings
woovi.com,https://woovi.com/quero-pix/,Pix for businesses,Sitemap URL path; not measured search queries or rankings
woovi.com,https://woovi.com/retail/pix-plaquinha/,Pix for businesses,Sitemap URL path; not measured search queries or rankings
woovi.com,https://woovi.com/retail/quero-pix/,Pix for businesses,Sitemap URL path; not measured search queries or rankings
woovi.com,https://woovi.com/security/golpes-pix/,Pix for businesses,Sitemap URL path; not measured search queries or rankings
woovi.com,https://woovi.com/segmento/gateways-de-pagamentos/,Other fintech education,Sitemap URL path; not measured search queries or rankings
woovi.com,https://woovi.com/static-pix/,Pix for businesses; Pix collection and QR code,Sitemap URL path; not measured search queries or rankings
woovi.com,https://woovi.com/successful-cases/apice-pizzas/,,Sitemap URL path; not measured search queries or rankings
www.asaas.com,https://www.asaas.com/api-de-pagamentos,Pix API and payment APIs; Other fintech education,Sitemap URL path; not measured search queries or rankings
www.asaas.com,https://www.asaas.com/cobranca-cartao,Pix collection and QR code,Sitemap URL path; not measured search queries or rankings
www.asaas.com,https://www.asaas.com/conta-digital,Business accounts and subaccounts,Sitemap URL path; not measured search queries or rankings
www.asaas.com,https://www.asaas.com/link-pagamento,Payment links and hosted checkout; Other fintech education,Sitemap URL path; not measured search queries or rankings
www.asaas.com,https://www.asaas.com/meios-de-pagamento,Other fintech education,Sitemap URL path; not measured search queries or rankings
www.asaas.com,https://www.asaas.com/pix-asaas,Pix for businesses,Sitemap URL path; not measured search queries or rankings
www.asaas.com,https://www.asaas.com/regua-de-cobranca,Pix collection and QR code,Sitemap URL path; not measured search queries or rankings
blog.asaas.com,https://blog.asaas.com/5-dicas-para-facilitar-o-processo-de-cobranca-de-sua-empresa/,Pix collection and QR code,Sitemap URL path; not measured search queries or rankings
blog.asaas.com,https://blog.asaas.com/api-de-boleto/,Boleto and Bolepix,Sitemap URL path; not measured search queries or rankings
blog.asaas.com,https://blog.asaas.com/api-de-pagamento-asaas/,Other fintech education,Sitemap URL path; not measured search queries or rankings
blog.asaas.com,https://blog.asaas.com/api-de-pagamento/,Other fintech education,Sitemap URL path; not measured search queries or rankings
blog.asaas.com,https://blog.asaas.com/api-para-e-commerce/,,Sitemap URL path; not measured search queries or rankings
blog.asaas.com,https://blog.asaas.com/api-pix/,Pix for businesses; Pix API and payment APIs,Sitemap URL path; not measured search queries or rankings
blog.asaas.com,https://blog.asaas.com/aplicativo-de-conta-digital/,Business accounts and subaccounts,Sitemap URL path; not measured search queries or rankings
blog.asaas.com,https://blog.asaas.com/aplicativo-de-gestao-financeira/,Other fintech education,Sitemap URL path; not measured search queries or rankings
blog.asaas.com,https://blog.asaas.com/automatizar-cobrancas/,Pix collection and QR code,Sitemap URL path; not measured search queries or rankings
blog.asaas.com,https://blog.asaas.com/baas/,Banking as a Service and embedded finance,Sitemap URL path; not measured search queries or rankings
blog.asaas.com,https://blog.asaas.com/capital-de-giro-para-empresas-mei/,,Sitemap URL path; not measured search queries or rankings
blog.asaas.com,https://blog.asaas.com/capital-social-para-abrir-empresa/,,Sitemap URL path; not measured search queries or rankings
blog.asaas.com,https://blog.asaas.com/chave-aleatoria-pix/,Pix for businesses,Sitemap URL path; not measured search queries or rankings
blog.asaas.com,https://blog.asaas.com/chave-pix/,Pix for businesses,Sitemap URL path; not measured search queries or rankings
blog.asaas.com,https://blog.asaas.com/checkout-de-pagamento/,Payment links and hosted checkout; Other fintech education,Sitemap URL path; not measured search queries or rankings
blog.asaas.com,https://blog.asaas.com/cobranca-de-assinatura/,Pix collection and QR code; Automatic or recurring Pix,Sitemap URL path; not measured search queries or rankings
blog.asaas.com,https://blog.asaas.com/cobranca-de-condominio/,Pix collection and QR code,Sitemap URL path; not measured search queries or rankings
blog.asaas.com,https://blog.asaas.com/cobranca-de-honorarios-advocaticios/,Pix collection and QR code,Sitemap URL path; not measured search queries or rankings
blog.asaas.com,https://blog.asaas.com/cobranca-de-juros-em-compras-parceladas/,"Pix collection and QR code; Credit, installment plans and receivables",Sitemap URL path; not measured search queries or rankings
blog.asaas.com,https://blog.asaas.com/cobranca-em-grupo-no-asaas/,Pix collection and QR code,Sitemap URL path; not measured search queries or rankings
blog.asaas.com,https://blog.asaas.com/cobranca-extrajudicial/,Pix collection and QR code,Sitemap URL path; not measured search queries or rankings
blog.asaas.com,https://blog.asaas.com/cobranca-pelo-whatsapp/,Pix collection and QR code,Sitemap URL path; not measured search queries or rankings
blog.asaas.com,https://blog.asaas.com/cobranca-pix/,Pix for businesses; Pix collection and QR code,Sitemap URL path; not measured search queries or rankings
blog.asaas.com,https://blog.asaas.com/cobranca-por-cartao-no-asaas/,Pix collection and QR code,Sitemap URL path; not measured search queries or rankings
blog.asaas.com,https://blog.asaas.com/cobranca-recorrente-no-asaas/,Pix collection and QR code; Automatic or recurring Pix,Sitemap URL path; not measured search queries or rankings
blog.asaas.com,https://blog.asaas.com/cobranca-recorrente/,Pix collection and QR code; Automatic or recurring Pix,Sitemap URL path; not measured search queries or rankings
blog.asaas.com,https://blog.asaas.com/como-abrir-conta-digital/,Business accounts and subaccounts,Sitemap URL path; not measured search queries or rankings
blog.asaas.com,https://blog.asaas.com/como-administrar-financeiramente-um-restaurante/,Other fintech education,Sitemap URL path; not measured search queries or rankings
blog.asaas.com,https://blog.asaas.com/como-calcular-o-capital-de-giro/,,Sitemap URL path; not measured search queries or rankings
blog.asaas.com,https://blog.asaas.com/como-cobrar-pagamento-atrasado/,Other fintech education,Sitemap URL path; not measured search queries or rankings
blog.asaas.com,https://blog.asaas.com/como-emitir-boletos-rapido-sem-conta-bancaria-tradicional/,Boleto and Bolepix,Sitemap URL path; not measured search queries or rankings
blog.asaas.com,https://blog.asaas.com/como-fazer-cobranca-online/,Pix collection and QR code,Sitemap URL path; not measured search queries or rankings
blog.asaas.com,https://blog.asaas.com/como-fazer-cobranca/,Pix collection and QR code,Sitemap URL path; not measured search queries or rankings
blog.asaas.com,https://blog.asaas.com/como-fazer-um-carne-de-pagamento/,Other fintech education,Sitemap URL path; not measured search queries or rankings
blog.asaas.com,https://blog.asaas.com/como-fazer-uma-carta-de-cobranca/,Pix collection and QR code,Sitemap URL path; not measured search queries or rankings
blog.asaas.com,https://blog.asaas.com/como-funciona-a-cobranca-judicial-de-divida/,Pix collection and QR code,Sitemap URL path; not measured search queries or rankings
blog.asaas.com,https://blog.asaas.com/como-funciona-a-conta-digital/,Business accounts and subaccounts,Sitemap URL path; not measured search queries or rankings
blog.asaas.com,https://blog.asaas.com/como-funciona-o-link-de-pagamento/,Other fintech education,Sitemap URL path; not measured search queries or rankings
blog.asaas.com,https://blog.asaas.com/como-funciona-o-pagamento-de-ferias/,Other fintech education,Sitemap URL path; not measured search queries or rankings
blog.asaas.com,https://blog.asaas.com/como-funciona-o-pagamento-de-mensalidade-escolar/,Other fintech education,Sitemap URL path; not measured search queries or rankings
blog.asaas.com,https://blog.asaas.com/como-funciona-o-pagamento/,Other fintech education,Sitemap URL path; not measured search queries or rankings
blog.asaas.com,https://blog.asaas.com/como-funciona-o-pix/,Pix for businesses,Sitemap URL path; not measured search queries or rankings
blog.asaas.com,https://blog.asaas.com/como-funciona-pagamento-parcelado-cartao-de-credito/,"Credit, installment plans and receivables; Other fintech education",Sitemap URL path; not measured search queries or rankings
blog.asaas.com,https://blog.asaas.com/como-gerar-boleto-para-pagamento-de-condominio/,Boleto and Bolepix; Other fintech education,Sitemap URL path; not measured search queries or rankings
blog.asaas.com,https://blog.asaas.com/como-gerar-boleto-para-receber-pagamento/,Boleto and Bolepix; Other fintech education,Sitemap URL path; not measured search queries or rankings
blog.asaas.com,https://blog.asaas.com/como-gerar-link-de-pagamento/,Other fintech education,Sitemap URL path; not measured search queries or rankings
blog.asaas.com,https://blog.asaas.com/como-gerenciar-os-recursos-financeiros-da-escola/,Other fintech education,Sitemap URL path; not measured search queries or rankings
blog.asaas.com,https://blog.asaas.com/como-pedir-pagamento-antecipado-ao-cliente/,"Credit, installment plans and receivables; Other fintech education",Sitemap URL path; not measured search queries or rankings
blog.asaas.com,https://blog.asaas.com/como-receber-pagamento-pelo-whatsapp/,Other fintech education,Sitemap URL path; not measured search queries or rankings
blog.asaas.com,https://blog.asaas.com/como-receber-pagamento-recorrente/,Automatic or recurring Pix; Other fintech education,Sitemap URL path; not measured search queries or rankings
blog.asaas.com,https://blog.asaas.com/como-receber-pelo-pix/,Pix for businesses,Sitemap URL path; not measured search queries or rankings
blog.asaas.com,https://blog.asaas.com/compensacao-de-pagamento/,Other fintech education,Sitemap URL path; not measured search queries or rankings
blog.asaas.com,https://blog.asaas.com/comprovante-de-pagamento-qual-e-a-importancia/,Other fintech education,Sitemap URL path; not measured search queries or rankings
blog.asaas.com,https://blog.asaas.com/condicao-de-pagamento/,Other fintech education,Sitemap URL path; not measured search queries or rankings
blog.asaas.com,https://blog.asaas.com/conta-digital-asaas/,Business accounts and subaccounts,Sitemap URL path; not measured search queries or rankings
blog.asaas.com,https://blog.asaas.com/conta-digital-para-associacao/,Business accounts and subaccounts,Sitemap URL path; not measured search queries or rankings
blog.asaas.com,https://blog.asaas.com/conta-digital-para-condominios/,Business accounts and subaccounts,Sitemap URL path; not measured search queries or rankings
blog.asaas.com,https://blog.asaas.com/conta-digital-para-emissao-de-boleto/,Business accounts and subaccounts; Boleto and Bolepix,Sitemap URL path; not measured search queries or rankings
blog.asaas.com,https://blog.asaas.com/conta-digital-para-igrejas/,Business accounts and subaccounts,Sitemap URL path; not measured search queries or rankings
blog.asaas.com,https://blog.asaas.com/conta-digital-para-ong/,Business accounts and subaccounts,Sitemap URL path; not measured search queries or rankings
blog.asaas.com,https://blog.asaas.com/controle-de-pagamento-de-clientes/,Other fintech education,Sitemap URL path; not measured search queries or rankings
blog.asaas.com,https://blog.asaas.com/controle-de-pagamento-de-mensalidade-escolar/,Other fintech education,Sitemap URL path; not measured search queries or rankings
blog.asaas.com,https://blog.asaas.com/controle-de-pagamento-de-mensalidade/,Other fintech education,Sitemap URL path; not measured search queries or rankings
blog.asaas.com,https://blog.asaas.com/credito-recorrente/,"Automatic or recurring Pix; Credit, installment plans and receivables",Sitemap URL path; not measured search queries or rankings
blog.asaas.com,https://blog.asaas.com/email-de-cobranca/,Pix collection and QR code,Sitemap URL path; not measured search queries or rankings
blog.asaas.com,https://blog.asaas.com/entenda-o-que-e-e-como-funciona-a-contestacao-de-pagamento/,Other fintech education,Sitemap URL path; not measured search queries or rankings
blog.asaas.com,https://blog.asaas.com/existem-plataformas-de-pagamentos-com-webhook-no-brasil/,Reconciliation and webhooks; Other fintech education,Sitemap URL path; not measured search queries or rankings
blog.asaas.com,https://blog.asaas.com/facilitador-de-pagamento/,Other fintech education,Sitemap URL path; not measured search queries or rankings
blog.asaas.com,https://blog.asaas.com/fluxo-de-pagamento/,Other fintech education,Sitemap URL path; not measured search queries or rankings
blog.asaas.com,https://blog.asaas.com/formas-de-cobranca/,Pix collection and QR code,Sitemap URL path; not measured search queries or rankings
blog.asaas.com,https://blog.asaas.com/formas-de-pagamento/,Other fintech education,Sitemap URL path; not measured search queries or rankings
blog.asaas.com,https://blog.asaas.com/gateway-de-pagamento-para-e-commerce/,Other fintech education,Sitemap URL path; not measured search queries or rankings
blog.asaas.com,https://blog.asaas.com/gateway-de-pagamentos/,Other fintech education,Sitemap URL path; not measured search queries or rankings
blog.asaas.com,https://blog.asaas.com/gerador-de-qr-code-pix/,Pix for businesses; Pix collection and QR code,Sitemap URL path; not measured search queries or rankings
blog.asaas.com,https://blog.asaas.com/gestao-financeira-em-escritorio-de-advocacia/,Other fintech education,Sitemap URL path; not measured search queries or rankings
blog.asaas.com,https://blog.asaas.com/gestao-financeira-escolar/,Other fintech education,Sitemap URL path; not measured search queries or rankings
blog.asaas.com,https://blog.asaas.com/gestao-financeira-para-igrejas/,Other fintech education,Sitemap URL path; not measured search queries or rankings
blog.asaas.com,https://blog.asaas.com/gestao-financeira-para-salao-de-beleza/,Other fintech education,Sitemap URL path; not measured search queries or rankings
blog.asaas.com,https://blog.asaas.com/glossario-financeiro/,Other fintech education,Sitemap URL path; not measured search queries or rankings
blog.asaas.com,https://blog.asaas.com/glossario/alavancagem-financeira/,Other fintech education,Sitemap URL path; not measured search queries or rankings
blog.asaas.com,https://blog.asaas.com/glossario/api-de-pagamentos/,Pix API and payment APIs; Other fintech education,Sitemap URL path; not measured search queries or rankings
blog.asaas.com,https://blog.asaas.com/glossario/aplicacao-financeira/,Other fintech education,Sitemap URL path; not measured search queries or rankings
blog.asaas.com,https://blog.asaas.com/glossario/aporte-de-capital/,,Sitemap URL path; not measured search queries or rankings
blog.asaas.com,https://blog.asaas.com/glossario/arbitragem-financeira/,Other fintech education,Sitemap URL path; not measured search queries or rankings
blog.asaas.com,https://blog.asaas.com/glossario/auditoria-financeira/,Other fintech education,Sitemap URL path; not measured search queries or rankings
blog.asaas.com,https://blog.asaas.com/glossario/banking-as-a-service-baas/,Banking as a Service and embedded finance; Other fintech education,Sitemap URL path; not measured search queries or rankings
blog.asaas.com,https://blog.asaas.com/glossario/benchmarking-financeiro/,Other fintech education,Sitemap URL path; not measured search queries or rankings
blog.asaas.com,https://blog.asaas.com/glossario/bens-de-capital-fixo/,,Sitemap URL path; not measured search queries or rankings
blog.asaas.com,https://blog.asaas.com/glossario/bens-de-capital-intangivel/,,Sitemap URL path; not measured search queries or rankings
blog.asaas.com,https://blog.asaas.com/glossario/capital/,,Sitemap URL path; not measured search queries or rankings
blog.asaas.com,https://blog.asaas.com/glossario/cobranca-avulsa/,Pix collection and QR code,Sitemap URL path; not measured search queries or rankings
blog.asaas.com,https://blog.asaas.com/glossario/cobranca-parcelada/,"Pix collection and QR code; Credit, installment plans and receivables",Sitemap URL path; not measured search queries or rankings
blog.asaas.com,https://blog.asaas.com/glossario/cobranca-recorrente-2/,Pix collection and QR code; Automatic or recurring Pix,Sitemap URL path; not measured search queries or rankings
blog.asaas.com,https://blog.asaas.com/glossario/cobranca/,Pix collection and QR code,Sitemap URL path; not measured search queries or rankings
blog.asaas.com,https://blog.asaas.com/glossario/compensacao-de-pagamento/,Other fintech education,Sitemap URL path; not measured search queries or rankings
blog.asaas.com,https://blog.asaas.com/glossario/conta-digital/,Business accounts and subaccounts,Sitemap URL path; not measured search queries or rankings
blog.asaas.com,https://blog.asaas.com/glossario/esteira-de-pagamentos/,Other fintech education,Sitemap URL path; not measured search queries or rankings
blog.asaas.com,https://blog.asaas.com/glossario/gateway-de-pagamento-2/,Other fintech education,Sitemap URL path; not measured search queries or rankings
blog.asaas.com,https://blog.asaas.com/glossario/hedge-financeiro/,Other fintech education,Sitemap URL path; not measured search queries or rankings
blog.asaas.com,https://blog.asaas.com/glossario/instituicao-de-pagamento/,Other fintech education,Sitemap URL path; not measured search queries or rankings
blog.asaas.com,https://blog.asaas.com/glossario/link-de-pagamento/,Other fintech education,Sitemap URL path; not measured search queries or rankings
blog.asaas.com,https://blog.asaas.com/glossario/meios-de-pagamento-2/,Other fintech education,Sitemap URL path; not measured search queries or rankings
blog.asaas.com,https://blog.asaas.com/glossario/pix/,Pix for businesses,Sitemap URL path; not measured search queries or rankings
blog.asaas.com,https://blog.asaas.com/glossario/regua-de-cobranca/,Pix collection and QR code,Sitemap URL path; not measured search queries or rankings
blog.asaas.com,https://blog.asaas.com/glossario/split-de-pagamento/,Split payments; Other fintech education,Sitemap URL path; not measured search queries or rankings
blog.asaas.com,https://blog.asaas.com/glossario/white-label-de-pagamento/,Neobank and white label; Other fintech education,Sitemap URL path; not measured search queries or rankings
blog.asaas.com,https://blog.asaas.com/horario-pix/,Pix for businesses,Sitemap URL path; not measured search queries or rankings
blog.asaas.com,https://blog.asaas.com/indicadores-financeiros/,Other fintech education,Sitemap URL path; not measured search queries or rankings
blog.asaas.com,https://blog.asaas.com/instituicao-de-pagamento/,Other fintech education,Sitemap URL path; not measured search queries or rankings
blog.asaas.com,https://blog.asaas.com/instituicao-financeira/,Other fintech education,Sitemap URL path; not measured search queries or rankings
blog.asaas.com,https://blog.asaas.com/intermediador-de-pagamento/,Other fintech education,Sitemap URL path; not measured search queries or rankings
blog.asaas.com,https://blog.asaas.com/internet-banking-empresarial/,Other fintech education,Sitemap URL path; not measured search queries or rankings
blog.asaas.com,https://blog.asaas.com/lembrete-de-pagamentos/,Other fintech education,Sitemap URL path; not measured search queries or rankings
blog.asaas.com,https://blog.asaas.com/limite-do-pix/,Pix for businesses,Sitemap URL path; not measured search queries or rankings
blog.asaas.com,https://blog.asaas.com/link-de-pagamento-asaas/,Other fintech education,Sitemap URL path; not measured search queries or rankings
blog.asaas.com,https://blog.asaas.com/link-para-pagamento-parcelado/,"Credit, installment plans and receivables; Other fintech education",Sitemap URL path; not measured search queries or rankings
blog.asaas.com,https://blog.asaas.com/m-payment/,Other fintech education,Sitemap URL path; not measured search queries or rankings
blog.asaas.com,https://blog.asaas.com/manual-de-gestao-financeira/,Other fintech education,Sitemap URL path; not measured search queries or rankings
blog.asaas.com,https://blog.asaas.com/manual-do-pix/,Pix for businesses,Sitemap URL path; not measured search queries or rankings
blog.asaas.com,https://blog.asaas.com/material/estrategia-de-1-bilhao-de-aporte-financeiro-do-asaas/,Other fintech education,Sitemap URL path; not measured search queries or rankings
blog.asaas.com,https://blog.asaas.com/material/planilha-controle-financeiro-para-mei/,Other fintech education,Sitemap URL path; not measured search queries or rankings
blog.asaas.com,https://blog.asaas.com/mensagem-de-cobranca-de-mensalidade-escolar/,Pix collection and QR code,Sitemap URL path; not measured search queries or rankings
blog.asaas.com,https://blog.asaas.com/mensagem-de-cobranca/,Pix collection and QR code,Sitemap URL path; not measured search queries or rankings
blog.asaas.com,https://blog.asaas.com/notificacao-de-cobranca-do-asaas/,Pix collection and QR code,Sitemap URL path; not measured search queries or rankings
blog.asaas.com,https://blog.asaas.com/notificacao-por-falta-de-pagamento-de-aluguel/,Other fintech education,Sitemap URL path; not measured search queries or rankings
blog.asaas.com,https://blog.asaas.com/novas-regras-do-pix/,Pix for businesses,Sitemap URL path; not measured search queries or rankings
blog.asaas.com,https://blog.asaas.com/o-pix-e-seguro/,Pix for businesses,Sitemap URL path; not measured search queries or rankings
blog.asaas.com,https://blog.asaas.com/o-que-e-capital-de-giro/,,Sitemap URL path; not measured search queries or rankings
blog.asaas.com,https://blog.asaas.com/o-que-e-carne-de-pagamento/,Other fintech education,Sitemap URL path; not measured search queries or rankings
blog.asaas.com,https://blog.asaas.com/o-que-e-conta-digital/,Business accounts and subaccounts,Sitemap URL path; not measured search queries or rankings
blog.asaas.com,https://blog.asaas.com/o-que-e-demonstrativo-financeiro/,Other fintech education,Sitemap URL path; not measured search queries or rankings
blog.asaas.com,https://blog.asaas.com/o-que-e-investimento-financeiro/,Other fintech education,Sitemap URL path; not measured search queries or rankings
blog.asaas.com,https://blog.asaas.com/o-que-e-link-de-pagamento/,Other fintech education,Sitemap URL path; not measured search queries or rankings
blog.asaas.com,https://blog.asaas.com/o-que-e-open-finance/,Other fintech education,Sitemap URL path; not measured search queries or rankings
blog.asaas.com,https://blog.asaas.com/o-que-e-ordem-de-pagamento/,Other fintech education,Sitemap URL path; not measured search queries or rankings
blog.asaas.com,https://blog.asaas.com/o-que-e-pagamento-a-prazo/,Other fintech education,Sitemap URL path; not measured search queries or rankings
blog.asaas.com,https://blog.asaas.com/o-que-e-pagamento-anual/,Other fintech education,Sitemap URL path; not measured search queries or rankings
blog.asaas.com,https://blog.asaas.com/o-que-e-pagamento-em-duplicidade/,Other fintech education,Sitemap URL path; not measured search queries or rankings
blog.asaas.com,https://blog.asaas.com/o-que-e-pagamento-mensal/,Other fintech education,Sitemap URL path; not measured search queries or rankings
blog.asaas.com,https://blog.asaas.com/o-que-e-pagamento-recorrente/,Automatic or recurring Pix; Other fintech education,Sitemap URL path; not measured search queries or rankings
blog.asaas.com,https://blog.asaas.com/o-que-e-pagamento-semestral/,Other fintech education,Sitemap URL path; not measured search queries or rankings
blog.asaas.com,https://blog.asaas.com/o-que-e-pagamento-trimestral/,Other fintech education,Sitemap URL path; not measured search queries or rankings
blog.asaas.com,https://blog.asaas.com/o-que-e-pix-recorrente/,Pix for businesses; Automatic or recurring Pix,Sitemap URL path; not measured search queries or rankings
blog.asaas.com,https://blog.asaas.com/o-que-e-pix/,Pix for businesses,Sitemap URL path; not measured search queries or rankings
blog.asaas.com,https://blog.asaas.com/o-que-e-planejamento-financeiro-empresarial/,Other fintech education,Sitemap URL path; not measured search queries or rankings
blog.asaas.com,https://blog.asaas.com/o-que-e-uma-api/,,Sitemap URL path; not measured search queries or rankings
blog.asaas.com,https://blog.asaas.com/pagamento-a-vista/,Other fintech education,Sitemap URL path; not measured search queries or rankings
blog.asaas.com,https://blog.asaas.com/pagamento-instantaneo/,Other fintech education,Sitemap URL path; not measured search queries or rankings
blog.asaas.com,https://blog.asaas.com/pagamento-online/,Other fintech education,Sitemap URL path; not measured search queries or rankings
blog.asaas.com,https://blog.asaas.com/pagamento-parcelado/,"Credit, installment plans and receivables; Other fintech education",Sitemap URL path; not measured search queries or rankings
blog.asaas.com,https://blog.asaas.com/pagamento-por-boleto/,Boleto and Bolepix; Other fintech education,Sitemap URL path; not measured search queries or rankings
blog.asaas.com,https://blog.asaas.com/pagamento-por-nfc/,Other fintech education,Sitemap URL path; not measured search queries or rankings
blog.asaas.com,https://blog.asaas.com/payment-as-a-service/,Other fintech education,Sitemap URL path; not measured search queries or rankings
blog.asaas.com,https://blog.asaas.com/pix-agendado/,Pix for businesses,Sitemap URL path; not measured search queries or rankings
blog.asaas.com,https://blog.asaas.com/pix-asaas/,Pix for businesses,Sitemap URL path; not measured search queries or rankings
blog.asaas.com,https://blog.asaas.com/pix-automatico/,Pix for businesses; Automatic or recurring Pix,Sitemap URL path; not measured search queries or rankings
blog.asaas.com,https://blog.asaas.com/pix-banco-do-brasil/,Pix for businesses,Sitemap URL path; not measured search queries or rankings
blog.asaas.com,https://blog.asaas.com/pix-bradesco/,Pix for businesses,Sitemap URL path; not measured search queries or rankings
blog.asaas.com,https://blog.asaas.com/pix-caixa/,Pix for businesses,Sitemap URL path; not measured search queries or rankings
blog.asaas.com,https://blog.asaas.com/pix-cobra-taxa/,Pix for businesses,Sitemap URL path; not measured search queries or rankings
blog.asaas.com,https://blog.asaas.com/pix-entra-no-imposto-de-renda/,Pix for businesses,Sitemap URL path; not measured search queries or rankings
blog.asaas.com,https://blog.asaas.com/pix-falso/,Pix for businesses,Sitemap URL path; not measured search queries or rankings
blog.asaas.com,https://blog.asaas.com/pix-garantido/,Pix for businesses,Sitemap URL path; not measured search queries or rankings
blog.asaas.com,https://blog.asaas.com/pix-internacional/,Pix for businesses,Sitemap URL path; not measured search queries or rankings
blog.asaas.com,https://blog.asaas.com/pix-no-e-commerce/,Pix for businesses,Sitemap URL path; not measured search queries or rankings
blog.asaas.com,https://blog.asaas.com/pix-para-empresas/,Pix for businesses,Sitemap URL path; not measured search queries or rankings
blog.asaas.com,https://blog.asaas.com/pix-saque/,Pix for businesses,Sitemap URL path; not measured search queries or rankings
blog.asaas.com,https://blog.asaas.com/pix-via-open-finance/,Pix for businesses; Other fintech education,Sitemap URL path; not measured search queries or rankings
blog.asaas.com,https://blog.asaas.com/pix/,Pix for businesses,Sitemap URL path; not measured search queries or rankings
blog.asaas.com,https://blog.asaas.com/planejamento-financeiro-escolar/,Other fintech education,Sitemap URL path; not measured search queries or rankings
blog.asaas.com,https://blog.asaas.com/plataforma-de-cobranca-recorrente/,Pix collection and QR code; Automatic or recurring Pix,Sitemap URL path; not measured search queries or rankings
blog.asaas.com,https://blog.asaas.com/processo-de-pagamento/,Other fintech education,Sitemap URL path; not measured search queries or rankings
blog.asaas.com,https://blog.asaas.com/qr-code-pix/,Pix for businesses; Pix collection and QR code,Sitemap URL path; not measured search queries or rankings
blog.asaas.com,https://blog.asaas.com/qual-api-oferece-split-de-pagamentos/,Split payments; Other fintech education,Sitemap URL path; not measured search queries or rankings
blog.asaas.com,https://blog.asaas.com/qual-e-a-funcao-da-gestao-financeira/,Other fintech education,Sitemap URL path; not measured search queries or rankings
blog.asaas.com,https://blog.asaas.com/qual-sistema-erp-em-nuvem-tem-a-implantacao-mais-rapida/,"POS, NFC and ready-made connectors",Sitemap URL path; not measured search queries or rankings
blog.asaas.com,https://blog.asaas.com/receber-pagamento-via-link/,Other fintech education,Sitemap URL path; not measured search queries or rankings
blog.asaas.com,https://blog.asaas.com/receber-pagamentos/,Other fintech education,Sitemap URL path; not measured search queries or rankings
blog.asaas.com,https://blog.asaas.com/regua-de-cobranca/,Pix collection and QR code,Sitemap URL path; not measured search queries or rankings
blog.asaas.com,https://blog.asaas.com/regulamentacao-baas/,Banking as a Service and embedded finance,Sitemap URL path; not measured search queries or rankings
blog.asaas.com,https://blog.asaas.com/release/aporte-financeiro-de-100-milhoes/,Other fintech education,Sitemap URL path; not measured search queries or rankings
blog.asaas.com,https://blog.asaas.com/release/asaas-lanca-cobranca-em-grupo/,Pix collection and QR code,Sitemap URL path; not measured search queries or rankings
blog.asaas.com,https://blog.asaas.com/release/balanco-financeiro-asaas/,Other fintech education,Sitemap URL path; not measured search queries or rankings
blog.asaas.com,https://blog.asaas.com/release/cobranca-desconhecida/,Pix collection and QR code,Sitemap URL path; not measured search queries or rankings
blog.asaas.com,https://blog.asaas.com/release/material-rico-aporte-financeiro/,Other fintech education,Sitemap URL path; not measured search queries or rankings
blog.asaas.com,https://blog.asaas.com/release/mudancas-nas-operacoes-de-baas/,Banking as a Service and embedded finance,Sitemap URL path; not measured search queries or rankings
blog.asaas.com,https://blog.asaas.com/release/novas-regras-de-seguranca-do-pix/,Pix for businesses,Sitemap URL path; not measured search queries or rankings
blog.asaas.com,https://blog.asaas.com/release/pix-automatico/,Pix for businesses; Automatic or recurring Pix,Sitemap URL path; not measured search queries or rankings
blog.asaas.com,https://blog.asaas.com/release/pix-gratuito-nas-100-primeiras-transacoes/,Pix for businesses,Sitemap URL path; not measured search queries or rankings
blog.asaas.com,https://blog.asaas.com/release/pix-open-finance-asaas/,Pix for businesses; Other fintech education,Sitemap URL path; not measured search queries or rankings
blog.asaas.com,https://blog.asaas.com/release/premio-global-banking-finance-awards/,Other fintech education,Sitemap URL path; not measured search queries or rankings
blog.asaas.com,https://blog.asaas.com/release/reforma-tributaria-na-conta-digital-asaas/,Business accounts and subaccounts,Sitemap URL path; not measured search queries or rankings
blog.asaas.com,https://blog.asaas.com/release/volume-de-transacoes-via-pix-cresce-55/,Pix for businesses,Sitemap URL path; not measured search queries or rankings
blog.asaas.com,https://blog.asaas.com/sistema-de-cobranca-via-whatsapp/,Pix collection and QR code,Sitemap URL path; not measured search queries or rankings
blog.asaas.com,https://blog.asaas.com/sistema-de-pagamento/,Other fintech education,Sitemap URL path; not measured search queries or rankings
blog.asaas.com,https://blog.asaas.com/software-de-gestao-financeira/,Other fintech education,Sitemap URL path; not measured search queries or rankings
blog.asaas.com,https://blog.asaas.com/split-de-pagamento-no-asaas/,Split payments; Other fintech education,Sitemap URL path; not measured search queries or rankings
blog.asaas.com,https://blog.asaas.com/split-de-pagamento/,Split payments; Other fintech education,Sitemap URL path; not measured search queries or rankings
blog.asaas.com,https://blog.asaas.com/venda-por-link-de-pagamento/,Other fintech education,Sitemap URL path; not measured search queries or rankings
blog.asaas.com,https://blog.asaas.com/voce-sabe-o-que-sao-as-carteiras-de-cobranca-para-os-boletos/,Pix collection and QR code; Boleto and Bolepix,Sitemap URL path; not measured search queries or rankings
blog.asaas.com,https://blog.asaas.com/web-stories/gestao-de-cobrancas/,Pix collection and QR code,Sitemap URL path; not measured search queries or rankings
blog.asaas.com,https://blog.asaas.com/web-stories/premio-global-banking-finance-awards-2024/,Other fintech education,Sitemap URL path; not measured search queries or rankings
www.iugu.com,https://www.iugu.com/api,Pix API and payment APIs,Sitemap URL path; not measured search queries or rankings
www.iugu.com,https://www.iugu.com/api-iugu,Pix API and payment APIs,Sitemap URL path; not measured search queries or rankings
www.iugu.com,https://www.iugu.com/banking-as-a-service,Banking as a Service and embedded finance; Other fintech education,Sitemap URL path; not measured search queries or rankings
www.iugu.com,https://www.iugu.com/blog/6-metricas-pagamento-recorrente,Automatic or recurring Pix; Other fintech education,Sitemap URL path; not measured search queries or rankings
www.iugu.com,https://www.iugu.com/blog/acessibilidade-financeira,Other fintech education,Sitemap URL path; not measured search queries or rankings
www.iugu.com,https://www.iugu.com/blog/api-de-pagamento,Other fintech education,Sitemap URL path; not measured search queries or rankings
www.iugu.com,https://www.iugu.com/blog/api-e-painel-iugu-saiba-como-usar,,Sitemap URL path; not measured search queries or rankings
www.iugu.com,https://www.iugu.com/blog/api-em-portugues,,Sitemap URL path; not measured search queries or rankings
www.iugu.com,https://www.iugu.com/blog/api-gateway,,Sitemap URL path; not measured search queries or rankings
www.iugu.com,https://www.iugu.com/blog/api-pagamento,Other fintech education,Sitemap URL path; not measured search queries or rankings
www.iugu.com,https://www.iugu.com/blog/api-rest-o-que-e,,Sitemap URL path; not measured search queries or rankings
www.iugu.com,https://www.iugu.com/blog/apis-financeiras,Other fintech education,Sitemap URL path; not measured search queries or rankings
www.iugu.com,https://www.iugu.com/blog/arranjos-pagamentos,Other fintech education,Sitemap URL path; not measured search queries or rankings
www.iugu.com,https://www.iugu.com/blog/assinatura-recorrente-conheca-sucesso-spotify,Automatic or recurring Pix,Sitemap URL path; not measured search queries or rankings
www.iugu.com,https://www.iugu.com/blog/autentica%C3%A7%C3%A3o-de-pagamento,Other fintech education,Sitemap URL path; not measured search queries or rankings
www.iugu.com,https://www.iugu.com/blog/automacao-de-pagamentos-online,Other fintech education,Sitemap URL path; not measured search queries or rankings
www.iugu.com,https://www.iugu.com/blog/automacao-de-servicos-financeiros,Other fintech education,Sitemap URL path; not measured search queries or rankings
www.iugu.com,https://www.iugu.com/blog/automacao-financeira,Other fintech education,Sitemap URL path; not measured search queries or rankings
www.iugu.com,https://www.iugu.com/blog/automacao-financeira-empresarial,Other fintech education,Sitemap URL path; not measured search queries or rankings
www.iugu.com,https://www.iugu.com/blog/automacao-financeira-vantagens,Other fintech education,Sitemap URL path; not measured search queries or rankings
www.iugu.com,https://www.iugu.com/blog/automatizacao-financeira,Other fintech education,Sitemap URL path; not measured search queries or rankings
www.iugu.com,https://www.iugu.com/blog/baas-funcionamento-vantagens-banking-as-a-service,Banking as a Service and embedded finance; Other fintech education,Sitemap URL path; not measured search queries or rankings
www.iugu.com,https://www.iugu.com/blog/baas-receita-extra,Banking as a Service and embedded finance,Sitemap URL path; not measured search queries or rankings
www.iugu.com,https://www.iugu.com/blog/beyond-banking,Other fintech education,Sitemap URL path; not measured search queries or rankings
www.iugu.com,https://www.iugu.com/blog/bolepix,Pix for businesses; Boleto and Bolepix,Sitemap URL path; not measured search queries or rankings
www.iugu.com,https://www.iugu.com/blog/boleto-com-pix,Pix for businesses; Boleto and Bolepix,Sitemap URL path; not measured search queries or rankings
www.iugu.com,https://www.iugu.com/blog/boleto-recorrente,Automatic or recurring Pix; Boleto and Bolepix,Sitemap URL path; not measured search queries or rankings
www.iugu.com,https://www.iugu.com/blog/boleto-white-label,Neobank and white label; Boleto and Bolepix,Sitemap URL path; not measured search queries or rankings
www.iugu.com,https://www.iugu.com/blog/capacidade-pagamento,Other fintech education,Sitemap URL path; not measured search queries or rankings
www.iugu.com,https://www.iugu.com/blog/chave-pix-aleatoria,Pix for businesses,Sitemap URL path; not measured search queries or rankings
www.iugu.com,https://www.iugu.com/blog/checkout-pagamento,Payment links and hosted checkout; Other fintech education,Sitemap URL path; not measured search queries or rankings
www.iugu.com,https://www.iugu.com/blog/cobran%C3%A7a-pontual-ou-recorrente,Pix collection and QR code; Automatic or recurring Pix,Sitemap URL path; not measured search queries or rankings
www.iugu.com,https://www.iugu.com/blog/cobranca-de-boleto-em-atraso,Pix collection and QR code; Boleto and Bolepix,Sitemap URL path; not measured search queries or rankings
www.iugu.com,https://www.iugu.com/blog/cobranca-indevida,Pix collection and QR code,Sitemap URL path; not measured search queries or rankings
www.iugu.com,https://www.iugu.com/blog/cobranca-recorrente-cartao-credito,"Pix collection and QR code; Automatic or recurring Pix; Credit, installment plans and receivables",Sitemap URL path; not measured search queries or rankings
www.iugu.com,https://www.iugu.com/blog/como-cobrar-cobranca-recorrente,Pix collection and QR code; Automatic or recurring Pix,Sitemap URL path; not measured search queries or rankings
www.iugu.com,https://www.iugu.com/blog/como-controlar-pagamentos-clientes,Other fintech education,Sitemap URL path; not measured search queries or rankings
www.iugu.com,https://www.iugu.com/blog/como-escolher-o-melhor-gateway-de-pagamento,Other fintech education,Sitemap URL path; not measured search queries or rankings
www.iugu.com,https://www.iugu.com/blog/como-fazer-conciliacao-financeira,Reconciliation and webhooks; Other fintech education,Sitemap URL path; not measured search queries or rankings
www.iugu.com,https://www.iugu.com/blog/como-fazer-controle-financeiro-empresa,Other fintech education,Sitemap URL path; not measured search queries or rankings
www.iugu.com,https://www.iugu.com/blog/como-fazer-um-planejamento-financeiro-empresarial,Other fintech education,Sitemap URL path; not measured search queries or rankings
www.iugu.com,https://www.iugu.com/blog/como-funciona-o-pagamento-em-cartao-em-um-negocio-recorrente,Automatic or recurring Pix; Other fintech education,Sitemap URL path; not measured search queries or rankings
www.iugu.com,https://www.iugu.com/blog/como-funciona-o-pagamento-recorrente,Automatic or recurring Pix; Other fintech education,Sitemap URL path; not measured search queries or rankings
www.iugu.com,https://www.iugu.com/blog/como-gerar-qr-code-pix,Pix for businesses; Pix collection and QR code,Sitemap URL path; not measured search queries or rankings
www.iugu.com,https://www.iugu.com/blog/como-pagar-boleto-pelo-pix-veja-o-passo-a-passo-simples,Pix for businesses; Boleto and Bolepix,Sitemap URL path; not measured search queries or rankings
www.iugu.com,https://www.iugu.com/blog/como-receber-pelo-pix,Pix for businesses,Sitemap URL path; not measured search queries or rankings
www.iugu.com,https://www.iugu.com/blog/como-vender-com-carne-de-pagamento,Other fintech education,Sitemap URL path; not measured search queries or rankings
www.iugu.com,https://www.iugu.com/blog/comprovante-de-pix,Pix for businesses,Sitemap URL path; not measured search queries or rankings
www.iugu.com,https://www.iugu.com/blog/conciliacao-financeira-automatizada,Reconciliation and webhooks; Other fintech education,Sitemap URL path; not measured search queries or rankings
www.iugu.com,https://www.iugu.com/blog/conciliacao-financeira-marketplaces,Reconciliation and webhooks; Other fintech education,Sitemap URL path; not measured search queries or rankings
www.iugu.com,https://www.iugu.com/blog/conciliacao-financeira-perdas-invisiveis,Reconciliation and webhooks; Other fintech education,Sitemap URL path; not measured search queries or rankings
www.iugu.com,https://www.iugu.com/blog/controle-financeiro,Other fintech education,Sitemap URL path; not measured search queries or rankings
www.iugu.com,https://www.iugu.com/blog/controle-fluxo-financeiro-escala,Other fintech education,Sitemap URL path; not measured search queries or rankings
www.iugu.com,https://www.iugu.com/blog/crescimento-sem-controle-financeiro,Other fintech education,Sitemap URL path; not measured search queries or rankings
www.iugu.com,https://www.iugu.com/blog/criar-api-com-strapi,,Sitemap URL path; not measured search queries or rankings
www.iugu.com,https://www.iugu.com/blog/custo-por-transacao-baas,Banking as a Service and embedded finance,Sitemap URL path; not measured search queries or rankings
www.iugu.com,https://www.iugu.com/blog/dados-financeiros-estrategicos,Other fintech education,Sitemap URL path; not measured search queries or rankings
www.iugu.com,https://www.iugu.com/blog/debito-recorrente-em-escolas,Automatic or recurring Pix,Sitemap URL path; not measured search queries or rankings
www.iugu.com,https://www.iugu.com/blog/desconto-pix,Pix for businesses,Sitemap URL path; not measured search queries or rankings
www.iugu.com,https://www.iugu.com/blog/dicas-para-realizar-testes-de-software-de-pagamento,Other fintech education,Sitemap URL path; not measured search queries or rankings
www.iugu.com,https://www.iugu.com/blog/diferencas-gateway-de-pagamento-e-um-intermediador,Other fintech education,Sitemap URL path; not measured search queries or rankings
www.iugu.com,https://www.iugu.com/blog/economia-da-recorrencia-o-que-e,Automatic or recurring Pix,Sitemap URL path; not measured search queries or rankings
www.iugu.com,https://www.iugu.com/blog/eficiencia-financeira-baas,Banking as a Service and embedded finance; Other fintech education,Sitemap URL path; not measured search queries or rankings
www.iugu.com,https://www.iugu.com/blog/embedded-finance,Banking as a Service and embedded finance; Other fintech education,Sitemap URL path; not measured search queries or rankings
www.iugu.com,https://www.iugu.com/blog/embedded-finance-e-o-futuro-das-fintechs-o-que-pode-mudar,Banking as a Service and embedded finance; Other fintech education,Sitemap URL path; not measured search queries or rankings
www.iugu.com,https://www.iugu.com/blog/empresas-de-pagamento,Other fintech education,Sitemap URL path; not measured search queries or rankings
www.iugu.com,https://www.iugu.com/blog/entenda-como-escolher-um-bom-intermediador-de-pagamento-online,Other fintech education,Sitemap URL path; not measured search queries or rankings
www.iugu.com,https://www.iugu.com/blog/erros-ao-adotar-cobranca-recorrente,Pix collection and QR code; Automatic or recurring Pix,Sitemap URL path; not measured search queries or rankings
www.iugu.com,https://www.iugu.com/blog/estorno-do-pix,Pix for businesses,Sitemap URL path; not measured search queries or rankings
www.iugu.com,https://www.iugu.com/blog/evp-pix,Pix for businesses,Sitemap URL path; not measured search queries or rankings
www.iugu.com,https://www.iugu.com/blog/faturamento-recorrente,Automatic or recurring Pix,Sitemap URL path; not measured search queries or rankings
www.iugu.com,https://www.iugu.com/blog/ferramentas-de-gest%C3%A3o-financeira-para-empresas,Other fintech education,Sitemap URL path; not measured search queries or rankings
www.iugu.com,https://www.iugu.com/blog/fintech-white-label,Neobank and white label,Sitemap URL path; not measured search queries or rankings
www.iugu.com,https://www.iugu.com/blog/fluxo-de-cobrancas,Pix collection and QR code,Sitemap URL path; not measured search queries or rankings
www.iugu.com,https://www.iugu.com/blog/fluxo-pagamento-em-marketplace,Other fintech education,Sitemap URL path; not measured search queries or rankings
www.iugu.com,https://www.iugu.com/blog/formas-de-pagamento,Other fintech education,Sitemap URL path; not measured search queries or rankings
www.iugu.com,https://www.iugu.com/blog/fraude-financeira,Other fintech education,Sitemap URL path; not measured search queries or rankings
www.iugu.com,https://www.iugu.com/blog/gateway-de-pagamento-intermediador-de-pagamento,Other fintech education,Sitemap URL path; not measured search queries or rankings
www.iugu.com,https://www.iugu.com/blog/gateway-de-pagamento-iugu,Other fintech education,Sitemap URL path; not measured search queries or rankings
www.iugu.com,https://www.iugu.com/blog/gateway-de-pagamento-para-app,Other fintech education,Sitemap URL path; not measured search queries or rankings
www.iugu.com,https://www.iugu.com/blog/gateways-de-pagamento-e-commerce,Other fintech education,Sitemap URL path; not measured search queries or rankings
www.iugu.com,https://www.iugu.com/blog/gestao-cobranca-vender-mais,Pix collection and QR code,Sitemap URL path; not measured search queries or rankings
www.iugu.com,https://www.iugu.com/blog/gestao-de-assinaturas-pagamentos-recorrentes,Automatic or recurring Pix; Other fintech education,Sitemap URL path; not measured search queries or rankings
www.iugu.com,https://www.iugu.com/blog/gestao-de-cobranca-automatizada,Pix collection and QR code,Sitemap URL path; not measured search queries or rankings
www.iugu.com,https://www.iugu.com/blog/gestao-de-pagamentos-recorrentes-eficiente,Automatic or recurring Pix; Other fintech education,Sitemap URL path; not measured search queries or rankings
www.iugu.com,https://www.iugu.com/blog/gestao-financeira,Other fintech education,Sitemap URL path; not measured search queries or rankings
www.iugu.com,https://www.iugu.com/blog/gestao-financeira-escolar,Other fintech education,Sitemap URL path; not measured search queries or rankings
www.iugu.com,https://www.iugu.com/blog/gestao-financeira-healthtech,Other fintech education,Sitemap URL path; not measured search queries or rankings
www.iugu.com,https://www.iugu.com/blog/gestao-financeira-melhores-praticas-para-marketplaces,Other fintech education,Sitemap URL path; not measured search queries or rankings
www.iugu.com,https://www.iugu.com/blog/gestao-financeira-para-pequenas-empresas,Other fintech education,Sitemap URL path; not measured search queries or rankings
www.iugu.com,https://www.iugu.com/blog/gestao-financeira-pequenas-medias-empresas,Other fintech education,Sitemap URL path; not measured search queries or rankings
www.iugu.com,https://www.iugu.com/blog/gestao-pagamento-recorrente,Automatic or recurring Pix; Other fintech education,Sitemap URL path; not measured search queries or rankings
www.iugu.com,https://www.iugu.com/blog/golpes-no-pix,Pix for businesses,Sitemap URL path; not measured search queries or rankings
www.iugu.com,https://www.iugu.com/blog/governanca-compliance-modelos-baas,Banking as a Service and embedded finance,Sitemap URL path; not measured search queries or rankings
www.iugu.com,https://www.iugu.com/blog/guia-completo-de-conciliacao-financeira,Reconciliation and webhooks; Other fintech education,Sitemap URL path; not measured search queries or rankings
www.iugu.com,https://www.iugu.com/blog/guia-completo-sobre-plataforma-de-pagamento,Other fintech education,Sitemap URL path; not measured search queries or rankings
www.iugu.com,https://www.iugu.com/blog/hub-de-pagamentos,Other fintech education,Sitemap URL path; not measured search queries or rankings
www.iugu.com,https://www.iugu.com/blog/indicadores-cobranca,Pix collection and QR code,Sitemap URL path; not measured search queries or rankings
www.iugu.com,https://www.iugu.com/blog/infraestrutura-financeira-centralizada,Banking as a Service and embedded finance; Other fintech education,Sitemap URL path; not measured search queries or rankings
www.iugu.com,https://www.iugu.com/blog/infraestrutura-financeira-propria-ou-via-api-como-decidir,Banking as a Service and embedded finance; Other fintech education,Sitemap URL path; not measured search queries or rankings
www.iugu.com,https://www.iugu.com/blog/infraestrutura-financeira-vantagem-competitiva,Banking as a Service and embedded finance; Other fintech education,Sitemap URL path; not measured search queries or rankings
www.iugu.com,https://www.iugu.com/blog/infraestrutura-financeira-via-api,Banking as a Service and embedded finance; Other fintech education,Sitemap URL path; not measured search queries or rankings
www.iugu.com,https://www.iugu.com/blog/infraestruturas-de-pagamentos,Other fintech education,Sitemap URL path; not measured search queries or rankings
www.iugu.com,https://www.iugu.com/blog/instituicao-de-pagamento-regulamentada-bacen,Other fintech education,Sitemap URL path; not measured search queries or rankings
www.iugu.com,https://www.iugu.com/blog/instituicao-de-pagamentos,Other fintech education,Sitemap URL path; not measured search queries or rankings
www.iugu.com,https://www.iugu.com/blog/integracao-financeira-sistemas,Other fintech education,Sitemap URL path; not measured search queries or rankings
www.iugu.com,https://www.iugu.com/blog/integrar-api-de-pagamentos,Pix API and payment APIs; Other fintech education,Sitemap URL path; not measured search queries or rankings
www.iugu.com,https://www.iugu.com/blog/intermediacao-pagamentos-online,Other fintech education,Sitemap URL path; not measured search queries or rankings
www.iugu.com,https://www.iugu.com/blog/intermediador-pagamento-impacto-taxa-conversao-commerce,Other fintech education,Sitemap URL path; not measured search queries or rankings
www.iugu.com,https://www.iugu.com/blog/intermediadores-de-pagamento-para-gestao-empresarial,Other fintech education,Sitemap URL path; not measured search queries or rankings
www.iugu.com,https://www.iugu.com/blog/kpis-financeiros-operacoes-baas,Banking as a Service and embedded finance; Other fintech education,Sitemap URL path; not measured search queries or rankings
www.iugu.com,https://www.iugu.com/blog/mapeamento-processos-financeiros,Other fintech education,Sitemap URL path; not measured search queries or rankings
www.iugu.com,https://www.iugu.com/blog/marketplace-como-intermediador-de-pagamento-pode-alavancar-vendas,Other fintech education,Sitemap URL path; not measured search queries or rankings
www.iugu.com,https://www.iugu.com/blog/maturidade-financeira-em-baas-evolua-sua-operacao,Banking as a Service and embedded finance; Other fintech education,Sitemap URL path; not measured search queries or rankings
www.iugu.com,https://www.iugu.com/blog/mecanismo-especial-de-devolucao-pix-med-saiba-o-que-e,Pix for businesses,Sitemap URL path; not measured search queries or rankings
www.iugu.com,https://www.iugu.com/blog/meios-de-pagamentos-para-startups,Other fintech education,Sitemap URL path; not measured search queries or rankings
www.iugu.com,https://www.iugu.com/blog/mercado-recorrencia,Automatic or recurring Pix,Sitemap URL path; not measured search queries or rankings
www.iugu.com,https://www.iugu.com/blog/metodos-de-pagamento,Other fintech education,Sitemap URL path; not measured search queries or rankings
www.iugu.com,https://www.iugu.com/blog/mitigacao-de-riscos-financeiros-digitais-como-evitar,Other fintech education,Sitemap URL path; not measured search queries or rankings
www.iugu.com,https://www.iugu.com/blog/modelo-de-receita-fluxo-financeiro,Other fintech education,Sitemap URL path; not measured search queries or rankings
www.iugu.com,https://www.iugu.com/blog/modelos-de-negocio-baas,Banking as a Service and embedded finance,Sitemap URL path; not measured search queries or rankings
www.iugu.com,https://www.iugu.com/blog/modelos-de-negocio-economia-recorrente,Automatic or recurring Pix,Sitemap URL path; not measured search queries or rankings
www.iugu.com,https://www.iugu.com/blog/monetizacao-com-baas,Banking as a Service and embedded finance,Sitemap URL path; not measured search queries or rankings
www.iugu.com,https://www.iugu.com/blog/netflix-e-cobranca-recorrente,Pix collection and QR code; Automatic or recurring Pix,Sitemap URL path; not measured search queries or rankings
www.iugu.com,https://www.iugu.com/blog/o-que-e-api,,Sitemap URL path; not measured search queries or rankings
www.iugu.com,https://www.iugu.com/blog/o-que-e-carne-pagamento,Other fintech education,Sitemap URL path; not measured search queries or rankings
www.iugu.com,https://www.iugu.com/blog/o-que-e-gateway-pagamento,Other fintech education,Sitemap URL path; not measured search queries or rankings
www.iugu.com,https://www.iugu.com/blog/o-que-e-intermediador-de-pagamento,Other fintech education,Sitemap URL path; not measured search queries or rankings
www.iugu.com,https://www.iugu.com/blog/o-que-e-open-banking,Other fintech education,Sitemap URL path; not measured search queries or rankings
www.iugu.com,https://www.iugu.com/blog/o-que-e-pagamento-recorrente,Automatic or recurring Pix; Other fintech education,Sitemap URL path; not measured search queries or rankings
www.iugu.com,https://www.iugu.com/blog/o-que-e-pix,Pix for businesses,Sitemap URL path; not measured search queries or rankings
www.iugu.com,https://www.iugu.com/blog/o-que-sao-meios-de-pagamento,Other fintech education,Sitemap URL path; not measured search queries or rankings
www.iugu.com,https://www.iugu.com/blog/open-banking,Other fintech education,Sitemap URL path; not measured search queries or rankings
www.iugu.com,https://www.iugu.com/blog/open-finance,Other fintech education,Sitemap URL path; not measured search queries or rankings
www.iugu.com,https://www.iugu.com/blog/open-finance-x-open-banking,Other fintech education,Sitemap URL path; not measured search queries or rankings
www.iugu.com,https://www.iugu.com/blog/operacao-financeira-sem-virar-banco,Other fintech education,Sitemap URL path; not measured search queries or rankings
www.iugu.com,https://www.iugu.com/blog/organizar-setor-financeiro,Other fintech education,Sitemap URL path; not measured search queries or rankings
www.iugu.com,https://www.iugu.com/blog/pagamento-de-boleto-por-pix-como-pagar-com-passo-a-passo,Pix for businesses; Boleto and Bolepix; Other fintech education,Sitemap URL path; not measured search queries or rankings
www.iugu.com,https://www.iugu.com/blog/pagamento-de-contas-iugu,Other fintech education,Sitemap URL path; not measured search queries or rankings
www.iugu.com,https://www.iugu.com/blog/pagamento-instantaneo,Other fintech education,Sitemap URL path; not measured search queries or rankings
www.iugu.com,https://www.iugu.com/blog/pagamento-para-marketplace,Other fintech education,Sitemap URL path; not measured search queries or rankings
www.iugu.com,https://www.iugu.com/blog/pagamento-por-biometria,Other fintech education,Sitemap URL path; not measured search queries or rankings
www.iugu.com,https://www.iugu.com/blog/pagamento-por-boleto,Boleto and Bolepix; Other fintech education,Sitemap URL path; not measured search queries or rankings
www.iugu.com,https://www.iugu.com/blog/pagamento-qr-code,Pix collection and QR code; Other fintech education,Sitemap URL path; not measured search queries or rankings
www.iugu.com,https://www.iugu.com/blog/pagamento-recorrente-em-clinicas-odontologicas,Automatic or recurring Pix; Other fintech education,Sitemap URL path; not measured search queries or rankings
www.iugu.com,https://www.iugu.com/blog/pagamento-recorrente-parcelamento,"Automatic or recurring Pix; Credit, installment plans and receivables; Other fintech education",Sitemap URL path; not measured search queries or rankings
www.iugu.com,https://www.iugu.com/blog/pagamentos-cross-border,Other fintech education,Sitemap URL path; not measured search queries or rankings
www.iugu.com,https://www.iugu.com/blog/pagamentos-digitais,Other fintech education,Sitemap URL path; not measured search queries or rankings
www.iugu.com,https://www.iugu.com/blog/pagamentos-recorrentes,Automatic or recurring Pix; Other fintech education,Sitemap URL path; not measured search queries or rankings
www.iugu.com,https://www.iugu.com/blog/para-que-serve-regua-de-cobranca,Pix collection and QR code,Sitemap URL path; not measured search queries or rankings
www.iugu.com,https://www.iugu.com/blog/payment-as-a-service,Other fintech education,Sitemap URL path; not measured search queries or rankings
www.iugu.com,https://www.iugu.com/blog/pix-agendado-saiba-como-funciona-como-agendar-e-vantagens,Pix for businesses,Sitemap URL path; not measured search queries or rankings
www.iugu.com,https://www.iugu.com/blog/pix-automatico-previsibilidade-e-eficiencia-na-cobranca,Pix for businesses; Pix collection and QR code; Automatic or recurring Pix,Sitemap URL path; not measured search queries or rankings
www.iugu.com,https://www.iugu.com/blog/pix-automatico-veja-o-que-e-como-funciona-e-beneficios,Pix for businesses; Automatic or recurring Pix,Sitemap URL path; not measured search queries or rankings
www.iugu.com,https://www.iugu.com/blog/pix-cobranca,Pix for businesses; Pix collection and QR code,Sitemap URL path; not measured search queries or rankings
www.iugu.com,https://www.iugu.com/blog/pix-e-commerce,Pix for businesses,Sitemap URL path; not measured search queries or rankings
www.iugu.com,https://www.iugu.com/blog/pix-internacional,Pix for businesses,Sitemap URL path; not measured search queries or rankings
www.iugu.com,https://www.iugu.com/blog/pix-na-iugu,Pix for businesses,Sitemap URL path; not measured search queries or rankings
www.iugu.com,https://www.iugu.com/blog/pix-para-empresas,Pix for businesses,Sitemap URL path; not measured search queries or rankings
www.iugu.com,https://www.iugu.com/blog/pix-parcelado,"Pix for businesses; Credit, installment plans and receivables",Sitemap URL path; not measured search queries or rankings
www.iugu.com,https://www.iugu.com/blog/pix-por-aproximacao,"Pix for businesses; POS, NFC and ready-made connectors",Sitemap URL path; not measured search queries or rankings
www.iugu.com,https://www.iugu.com/blog/pix-recorrente,Pix for businesses; Automatic or recurring Pix,Sitemap URL path; not measured search queries or rankings
www.iugu.com,https://www.iugu.com/blog/pix-saque-e-pix-troco,Pix for businesses,Sitemap URL path; not measured search queries or rankings
www.iugu.com,https://www.iugu.com/blog/pix-ted-ou-doc,Pix for businesses,Sitemap URL path; not measured search queries or rankings
www.iugu.com,https://www.iugu.com/blog/pix-x-boleto-vantagens,Pix for businesses; Boleto and Bolepix,Sitemap URL path; not measured search queries or rankings
www.iugu.com,https://www.iugu.com/blog/planejamento-financeiro,Other fintech education,Sitemap URL path; not measured search queries or rankings
www.iugu.com,https://www.iugu.com/blog/plataforma-de-cobranca-recorrente,Pix collection and QR code; Automatic or recurring Pix,Sitemap URL path; not measured search queries or rankings
www.iugu.com,https://www.iugu.com/blog/plit-de-pagamentos-escala-margem,Other fintech education,Sitemap URL path; not measured search queries or rankings
www.iugu.com,https://www.iugu.com/blog/previsibilidade-financeira,Other fintech education,Sitemap URL path; not measured search queries or rankings
www.iugu.com,https://www.iugu.com/blog/principais-erros-cometidos-na-gestao-pagamentos-recorrentes,Automatic or recurring Pix; Other fintech education,Sitemap URL path; not measured search queries or rankings
www.iugu.com,https://www.iugu.com/blog/processos-financeiros-de-uma-empresa,Other fintech education,Sitemap URL path; not measured search queries or rankings
www.iugu.com,https://www.iugu.com/blog/protocolos-de-api,,Sitemap URL path; not measured search queries or rankings
www.iugu.com,https://www.iugu.com/blog/qual-e-o-papel-do-ceo-na-economia-da-recorrencia,Automatic or recurring Pix,Sitemap URL path; not measured search queries or rankings
www.iugu.com,https://www.iugu.com/blog/qual-o-melhor-split-de-pagamentos,Split payments; Other fintech education,Sitemap URL path; not measured search queries or rankings
www.iugu.com,https://www.iugu.com/blog/quando-usar-baas-infraestrutura-financeira,Banking as a Service and embedded finance; Other fintech education,Sitemap URL path; not measured search queries or rankings
www.iugu.com,https://www.iugu.com/blog/recebimento-recorrente,Automatic or recurring Pix,Sitemap URL path; not measured search queries or rankings
www.iugu.com,https://www.iugu.com/blog/recorrencia-para-empresas-de-estetica,Automatic or recurring Pix,Sitemap URL path; not measured search queries or rankings
www.iugu.com,https://www.iugu.com/blog/recorrencia-para-escolas,Automatic or recurring Pix,Sitemap URL path; not measured search queries or rankings
www.iugu.com,https://www.iugu.com/blog/recorrencia-para-foodtechs,Automatic or recurring Pix,Sitemap URL path; not measured search queries or rankings
www.iugu.com,https://www.iugu.com/blog/recorrencia-para-healthtechs,Automatic or recurring Pix,Sitemap URL path; not measured search queries or rankings
www.iugu.com,https://www.iugu.com/blog/recorrencia-saas,Automatic or recurring Pix,Sitemap URL path; not measured search queries or rankings
www.iugu.com,https://www.iugu.com/blog/reducao-de-falhas-operacionais-financeiras,Other fintech education,Sitemap URL path; not measured search queries or rankings
www.iugu.com,https://www.iugu.com/blog/regua-de-cobranca,Pix collection and QR code,Sitemap URL path; not measured search queries or rankings
www.iugu.com,https://www.iugu.com/blog/regua-de-cobranca-de-aluguel,Pix collection and QR code,Sitemap URL path; not measured search queries or rankings
www.iugu.com,https://www.iugu.com/blog/reguas-de-cobranca,Pix collection and QR code,Sitemap URL path; not measured search queries or rankings
www.iugu.com,https://www.iugu.com/blog/relatorio-financeiro,Other fintech education,Sitemap URL path; not measured search queries or rankings
www.iugu.com,https://www.iugu.com/blog/retentativa-de-cobranca,Pix collection and QR code,Sitemap URL path; not measured search queries or rankings
www.iugu.com,https://www.iugu.com/blog/saiba-mais-sobre-os-processos-de-pagamento-existentes,Other fintech education,Sitemap URL path; not measured search queries or rankings
www.iugu.com,https://www.iugu.com/blog/saiba-sobre-economia-recorrencia,Automatic or recurring Pix,Sitemap URL path; not measured search queries or rankings
www.iugu.com,https://www.iugu.com/blog/seguranca-auditoria-infraestrutura-financeira,Banking as a Service and embedded finance; Other fintech education,Sitemap URL path; not measured search queries or rankings
www.iugu.com,https://www.iugu.com/blog/servicos-financeiros,Other fintech education,Sitemap URL path; not measured search queries or rankings
www.iugu.com,https://www.iugu.com/blog/sistema-cobranca-recorrente,Pix collection and QR code; Automatic or recurring Pix,Sitemap URL path; not measured search queries or rankings
www.iugu.com,https://www.iugu.com/blog/sistema-cobranca-software-imobiliario,Pix collection and QR code,Sitemap URL path; not measured search queries or rankings
www.iugu.com,https://www.iugu.com/blog/sistema-de-cobranca-para-escola,Pix collection and QR code,Sitemap URL path; not measured search queries or rankings
www.iugu.com,https://www.iugu.com/blog/sistema-de-pagamento-para-marketplace,Other fintech education,Sitemap URL path; not measured search queries or rankings
www.iugu.com,https://www.iugu.com/blog/sistema-de-pagamento-saas,Other fintech education,Sitemap URL path; not measured search queries or rankings
www.iugu.com,https://www.iugu.com/blog/sistema-de-pagamentos-brasileiro,Other fintech education,Sitemap URL path; not measured search queries or rankings
www.iugu.com,https://www.iugu.com/blog/sistema-pagamento-online,Other fintech education,Sitemap URL path; not measured search queries or rankings
www.iugu.com,https://www.iugu.com/blog/solucao-de-pagamento-empresas,Other fintech education,Sitemap URL path; not measured search queries or rankings
www.iugu.com,https://www.iugu.com/blog/solucoes-financeiras,Other fintech education,Sitemap URL path; not measured search queries or rankings
www.iugu.com,https://www.iugu.com/blog/solucoes-financeiras-empresariais,Other fintech education,Sitemap URL path; not measured search queries or rankings
www.iugu.com,https://www.iugu.com/blog/solucoes-financeiras-escalaveis,Other fintech education,Sitemap URL path; not measured search queries or rankings
www.iugu.com,https://www.iugu.com/blog/solucoes-pagamento-imobiliarias,Other fintech education,Sitemap URL path; not measured search queries or rankings
www.iugu.com,https://www.iugu.com/blog/split-de-pagamento-franquias,Split payments; Other fintech education,Sitemap URL path; not measured search queries or rankings
www.iugu.com,https://www.iugu.com/blog/split-de-pagamento-vantagens-e-como-funciona,Split payments; Other fintech education,Sitemap URL path; not measured search queries or rankings
www.iugu.com,https://www.iugu.com/blog/split-de-pagamentos-para-software-houses,Split payments; Other fintech education,Sitemap URL path; not measured search queries or rankings
www.iugu.com,https://www.iugu.com/blog/split-pagamento,Split payments; Other fintech education,Sitemap URL path; not measured search queries or rankings
www.iugu.com,https://www.iugu.com/blog/split-pagamento-marketplace,Split payments; Other fintech education,Sitemap URL path; not measured search queries or rankings
www.iugu.com,https://www.iugu.com/blog/split-payments,Split payments; Other fintech education,Sitemap URL path; not measured search queries or rankings
www.iugu.com,https://www.iugu.com/blog/tarifa-pix,Pix for businesses,Sitemap URL path; not measured search queries or rankings
www.iugu.com,https://www.iugu.com/blog/tecnologia-financeira,Other fintech education,Sitemap URL path; not measured search queries or rankings
www.iugu.com,https://www.iugu.com/blog/tecnologia-financeira-competitividade,Other fintech education,Sitemap URL path; not measured search queries or rankings
www.iugu.com,https://www.iugu.com/blog/tecnologia-pagamento,Other fintech education,Sitemap URL path; not measured search queries or rankings
www.iugu.com,https://www.iugu.com/blog/tecnologias-financeiras-para-e-commerce-de-diferentes-segmentos,Other fintech education,Sitemap URL path; not measured search queries or rankings
www.iugu.com,https://www.iugu.com/blog/tend%C3%AAncias-mercado-financeiro,Other fintech education,Sitemap URL path; not measured search queries or rankings
www.iugu.com,https://www.iugu.com/blog/time-to-market-baas,Banking as a Service and embedded finance,Sitemap URL path; not measured search queries or rankings
www.iugu.com,https://www.iugu.com/blog/tipos-cobranca,Pix collection and QR code,Sitemap URL path; not measured search queries or rankings
www.iugu.com,https://www.iugu.com/blog/tipos-de-api,,Sitemap URL path; not measured search queries or rankings
www.iugu.com,https://www.iugu.com/blog/tipos-de-pagamento-edtechs,Other fintech education,Sitemap URL path; not measured search queries or rankings
www.iugu.com,https://www.iugu.com/blog/tipos-de-pagamentos-online,Other fintech education,Sitemap URL path; not measured search queries or rankings
www.iugu.com,https://www.iugu.com/blog/tokenizacao-de-pagamentos,Other fintech education,Sitemap URL path; not measured search queries or rankings
www.iugu.com,https://www.iugu.com/blog/transacoes-financeiras,Other fintech education,Sitemap URL path; not measured search queries or rankings
www.iugu.com,https://www.iugu.com/blog/venda-recorrente,Automatic or recurring Pix,Sitemap URL path; not measured search queries or rankings
www.iugu.com,https://www.iugu.com/blog/white-label-chave-do-sucesso,Neobank and white label,Sitemap URL path; not measured search queries or rankings
www.iugu.com,https://www.iugu.com/central-do-conhecimento/banking-as-a-service,Banking as a Service and embedded finance; Other fintech education,Sitemap URL path; not measured search queries or rankings
www.iugu.com,https://www.iugu.com/central-do-conhecimento/ebook-conciliacao-financeira,Reconciliation and webhooks; Other fintech education,Sitemap URL path; not measured search queries or rankings
www.iugu.com,https://www.iugu.com/central-do-conhecimento/ebook-gestao-financeira,Other fintech education,Sitemap URL path; not measured search queries or rankings
www.iugu.com,https://www.iugu.com/central-do-conhecimento/ebook-guia-cobrancas-e-pagamentos-recorrentes,Pix collection and QR code; Automatic or recurring Pix; Other fintech education,Sitemap URL path; not measured search queries or rankings
www.iugu.com,https://www.iugu.com/central-do-conhecimento/ebook-split-tributos-marketplace,Split payments,Sitemap URL path; not measured search queries or rankings
www.iugu.com,https://www.iugu.com/central-do-conhecimento/metodos-de-pagamento,Other fintech education,Sitemap URL path; not measured search queries or rankings
www.iugu.com,https://www.iugu.com/central-do-conhecimento/pagamento-recorrente,Automatic or recurring Pix; Other fintech education,Sitemap URL path; not measured search queries or rankings
www.iugu.com,https://www.iugu.com/central-do-conhecimento/pix-ecommerce,Pix for businesses,Sitemap URL path; not measured search queries or rankings
www.iugu.com,https://www.iugu.com/ebook-automatizacao-financeira,Other fintech education,Sitemap URL path; not measured search queries or rankings
www.iugu.com,https://www.iugu.com/ebook-gestao-financeira-instituicoes-de-ensino,Other fintech education,Sitemap URL path; not measured search queries or rankings
www.iugu.com,https://www.iugu.com/ebook-solucao-pagamento-grupos-escolares,Other fintech education,Sitemap URL path; not measured search queries or rankings
www.iugu.com,https://www.iugu.com/gateway-de-pagamento,Other fintech education,Sitemap URL path; not measured search queries or rankings
www.iugu.com,https://www.iugu.com/guia-antifraude-pagamentos,Other fintech education,Sitemap URL path; not measured search queries or rankings
www.iugu.com,https://www.iugu.com/guia-conciliacao-financeira,Reconciliation and webhooks; Other fintech education,Sitemap URL path; not measured search queries or rankings
www.iugu.com,https://www.iugu.com/infografico-open-finance,Other fintech education,Sitemap URL path; not measured search queries or rankings
www.iugu.com,https://www.iugu.com/iugu-cobranca,Pix collection and QR code,Sitemap URL path; not measured search queries or rankings
www.iugu.com,https://www.iugu.com/iugu-cobranca-direta,Pix collection and QR code,Sitemap URL path; not measured search queries or rankings
www.iugu.com,https://www.iugu.com/iugu-recorrencia,Automatic or recurring Pix,Sitemap URL path; not measured search queries or rankings
www.iugu.com,https://www.iugu.com/kit-inovacao-financeira,Other fintech education,Sitemap URL path; not measured search queries or rankings
www.iugu.com,https://www.iugu.com/link-pagamentos,Payment links and hosted checkout; Other fintech education,Sitemap URL path; not measured search queries or rankings
www.iugu.com,https://www.iugu.com/materiais-pix,Pix for businesses,Sitemap URL path; not measured search queries or rankings
www.iugu.com,https://www.iugu.com/material-motor-financeiro,Other fintech education,Sitemap URL path; not measured search queries or rankings
www.iugu.com,https://www.iugu.com/meio-pagamento-bolepix,Pix for businesses; Boleto and Bolepix; Other fintech education,Sitemap URL path; not measured search queries or rankings
www.iugu.com,https://www.iugu.com/metodo-pagamento-boleto,Boleto and Bolepix; Other fintech education,Sitemap URL path; not measured search queries or rankings
www.iugu.com,https://www.iugu.com/metodo-pagamento-cartao,Other fintech education,Sitemap URL path; not measured search queries or rankings
www.iugu.com,https://www.iugu.com/metodo-pagamento-pix,Pix for businesses; Other fintech education,Sitemap URL path; not measured search queries or rankings
www.iugu.com,https://www.iugu.com/mini-guia-eficiencia-financeira,Other fintech education,Sitemap URL path; not measured search queries or rankings
www.iugu.com,https://www.iugu.com/pagamentos-online,Other fintech education,Sitemap URL path; not measured search queries or rankings
www.iugu.com,https://www.iugu.com/pix-automatico,Pix for businesses; Automatic or recurring Pix,Sitemap URL path; not measured search queries or rankings
www.iugu.com,https://www.iugu.com/pt-br/ebook-recorrencia-na-pratica,Automatic or recurring Pix,Sitemap URL path; not measured search queries or rankings
www.iugu.com,https://www.iugu.com/split-pagamentos,Split payments; Other fintech education,Sitemap URL path; not measured search queries or rankings
www.iugu.com,https://www.iugu.com/welcome-api,,Sitemap URL path; not measured search queries or rankings
www.iugu.com,https://www.iugu.com/whitepaper-api-financeira,Other fintech education,Sitemap URL path; not measured search queries or rankings
www.iugu.com,https://www.iugu.com/whitepaper-gestao-financeira-inteligente,Other fintech education,Sitemap URL path; not measured search queries or rankings
www.celcoin.com.br,https://www.celcoin.com.br/categoria-news/cel_banking/,Other fintech education,Sitemap URL path; not measured search queries or rankings
www.celcoin.com.br,https://www.celcoin.com.br/categoria-news/cel_banking/baas/,Banking as a Service and embedded finance; Other fintech education,Sitemap URL path; not measured search queries or rankings
www.celcoin.com.br,https://www.celcoin.com.br/categoria-news/cel_bricks/open-banking/,Other fintech education,Sitemap URL path; not measured search queries or rankings
www.celcoin.com.br,https://www.celcoin.com.br/categoria-news/cel_bricks/open-finance/,Other fintech education,Sitemap URL path; not measured search queries or rankings
www.celcoin.com.br,https://www.celcoin.com.br/categoria-news/cel_bricks/open-finance/itp/,Other fintech education,Sitemap URL path; not measured search queries or rankings
www.celcoin.com.br,https://www.celcoin.com.br/categoria-news/cel_credit/gestao-de-carteira-e-cobranca/,"Pix collection and QR code; Credit, installment plans and receivables",Sitemap URL path; not measured search queries or rankings
www.celcoin.com.br,https://www.celcoin.com.br/categoria-news/cel_news/embedded-finance/,Banking as a Service and embedded finance; Other fintech education,Sitemap URL path; not measured search queries or rankings
www.celcoin.com.br,https://www.celcoin.com.br/categoria-news/cel_news/mercado-financeiro/,Other fintech education,Sitemap URL path; not measured search queries or rankings
www.celcoin.com.br,https://www.celcoin.com.br/categoria-news/payments/,Other fintech education,Sitemap URL path; not measured search queries or rankings
www.celcoin.com.br,https://www.celcoin.com.br/categoria-news/payments/debito-veicular/,Other fintech education,Sitemap URL path; not measured search queries or rankings
www.celcoin.com.br,https://www.celcoin.com.br/categoria-news/payments/gateway-de-pagamento/,Other fintech education,Sitemap URL path; not measured search queries or rankings
www.celcoin.com.br,https://www.celcoin.com.br/categoria-news/payments/gateway-de-pagamento/academias/,Other fintech education,Sitemap URL path; not measured search queries or rankings
www.celcoin.com.br,https://www.celcoin.com.br/categoria-news/payments/gateway-de-pagamento/api-de-boletos/,Boleto and Bolepix; Other fintech education,Sitemap URL path; not measured search queries or rankings
www.celcoin.com.br,https://www.celcoin.com.br/categoria-news/payments/gateway-de-pagamento/associacoes-culturais/,Other fintech education,Sitemap URL path; not measured search queries or rankings
www.celcoin.com.br,https://www.celcoin.com.br/categoria-news/payments/gateway-de-pagamento/beleza/,Other fintech education,Sitemap URL path; not measured search queries or rankings
www.celcoin.com.br,https://www.celcoin.com.br/categoria-news/payments/gateway-de-pagamento/boletos/,Boleto and Bolepix; Other fintech education,Sitemap URL path; not measured search queries or rankings
www.celcoin.com.br,https://www.celcoin.com.br/categoria-news/payments/gateway-de-pagamento/clinica-medica/,Other fintech education,Sitemap URL path; not measured search queries or rankings
www.celcoin.com.br,https://www.celcoin.com.br/categoria-news/payments/gateway-de-pagamento/clinica-odontologica/,Other fintech education,Sitemap URL path; not measured search queries or rankings
www.celcoin.com.br,https://www.celcoin.com.br/categoria-news/payments/gateway-de-pagamento/clubes-de-assinatura/,Automatic or recurring Pix; Other fintech education,Sitemap URL path; not measured search queries or rankings
www.celcoin.com.br,https://www.celcoin.com.br/categoria-news/payments/gateway-de-pagamento/clubes-de-lazer/,Other fintech education,Sitemap URL path; not measured search queries or rankings
www.celcoin.com.br,https://www.celcoin.com.br/categoria-news/payments/gateway-de-pagamento/clubes-de-tiro/,Other fintech education,Sitemap URL path; not measured search queries or rankings
www.celcoin.com.br,https://www.celcoin.com.br/categoria-news/payments/gateway-de-pagamento/contabilidade/,Other fintech education,Sitemap URL path; not measured search queries or rankings
www.celcoin.com.br,https://www.celcoin.com.br/categoria-news/payments/gateway-de-pagamento/educacao/,Other fintech education,Sitemap URL path; not measured search queries or rankings
www.celcoin.com.br,https://www.celcoin.com.br/categoria-news/payments/gateway-de-pagamento/empreendedorismo/,Other fintech education,Sitemap URL path; not measured search queries or rankings
www.celcoin.com.br,https://www.celcoin.com.br/categoria-news/payments/gateway-de-pagamento/escola-de-idiomas/,Other fintech education,Sitemap URL path; not measured search queries or rankings
www.celcoin.com.br,https://www.celcoin.com.br/categoria-news/payments/gateway-de-pagamento/escritorio-de-advocacia/,Other fintech education,Sitemap URL path; not measured search queries or rankings
www.celcoin.com.br,https://www.celcoin.com.br/categoria-news/payments/gateway-de-pagamento/estacionamento/,Other fintech education,Sitemap URL path; not measured search queries or rankings
www.celcoin.com.br,https://www.celcoin.com.br/categoria-news/payments/gateway-de-pagamento/funeraria/,Other fintech education,Sitemap URL path; not measured search queries or rankings
www.celcoin.com.br,https://www.celcoin.com.br/categoria-news/payments/gateway-de-pagamento/pagamento-recorrente/,Automatic or recurring Pix; Other fintech education,Sitemap URL path; not measured search queries or rankings
www.celcoin.com.br,https://www.celcoin.com.br/categoria-news/payments/gateway-de-pagamento/pagamentos-online/,Other fintech education,Sitemap URL path; not measured search queries or rankings
www.celcoin.com.br,https://www.celcoin.com.br/categoria-news/payments/gateway-de-pagamento/pet-shop/,Other fintech education,Sitemap URL path; not measured search queries or rankings
www.celcoin.com.br,https://www.celcoin.com.br/categoria-news/payments/gateway-de-pagamento/pix-para-e-commerce/,Pix for businesses; Other fintech education,Sitemap URL path; not measured search queries or rankings
www.celcoin.com.br,https://www.celcoin.com.br/categoria-news/payments/gateway-de-pagamento/pix-para-empresas/,Pix for businesses; Other fintech education,Sitemap URL path; not measured search queries or rankings
www.celcoin.com.br,https://www.celcoin.com.br/categoria-news/payments/gateway-de-pagamento/protecao-veicular/,Other fintech education,Sitemap URL path; not measured search queries or rankings
www.celcoin.com.br,https://www.celcoin.com.br/categoria-news/payments/gateway-de-pagamento/provedores-de-internet/,Other fintech education,Sitemap URL path; not measured search queries or rankings
www.celcoin.com.br,https://www.celcoin.com.br/categoria-news/payments/gateway-de-pagamento/turismo/,Other fintech education,Sitemap URL path; not measured search queries or rankings
www.celcoin.com.br,https://www.celcoin.com.br/categoria-news/payments/pix-automatico/,Pix for businesses; Automatic or recurring Pix; Other fintech education,Sitemap URL path; not measured search queries or rankings
www.celcoin.com.br,https://www.celcoin.com.br/categoria-news/payments/pix/,Pix for businesses; Other fintech education,Sitemap URL path; not measured search queries or rankings
www.celcoin.com.br,https://www.celcoin.com.br/cel_banking/,Other fintech education,Sitemap URL path; not measured search queries or rankings
www.celcoin.com.br,https://www.celcoin.com.br/cel_banking/banco-liquidante/,Other fintech education,Sitemap URL path; not measured search queries or rankings
www.celcoin.com.br,https://www.celcoin.com.br/cel_banking/banking-as-a-service/,Banking as a Service and embedded finance; Other fintech education,Sitemap URL path; not measured search queries or rankings
www.celcoin.com.br,https://www.celcoin.com.br/cel_banking/cartao-white-label/,Neobank and white label; Other fintech education,Sitemap URL path; not measured search queries or rankings
www.celcoin.com.br,https://www.celcoin.com.br/cel_banking/compartilhamento-de-dados/,Other fintech education,Sitemap URL path; not measured search queries or rankings
www.celcoin.com.br,https://www.celcoin.com.br/cel_banking/core-banking/,Other fintech education,Sitemap URL path; not measured search queries or rankings
www.celcoin.com.br,https://www.celcoin.com.br/cel_banking/open-finance-insurance/,Other fintech education,Sitemap URL path; not measured search queries or rankings
www.celcoin.com.br,https://www.celcoin.com.br/cel_banking/regulatorio/,Other fintech education,Sitemap URL path; not measured search queries or rankings
www.celcoin.com.br,https://www.celcoin.com.br/cel_credit/gestao-de-carteira-e-cobranca/,"Pix collection and QR code; Credit, installment plans and receivables",Sitemap URL path; not measured search queries or rankings
www.celcoin.com.br,https://www.celcoin.com.br/cel_payments/,Other fintech education,Sitemap URL path; not measured search queries or rankings
www.celcoin.com.br,https://www.celcoin.com.br/cel_payments/debito-veicular-white-label/,Neobank and white label; Other fintech education,Sitemap URL path; not measured search queries or rankings
www.celcoin.com.br,https://www.celcoin.com.br/cel_payments/debito-veicular/,Other fintech education,Sitemap URL path; not measured search queries or rankings
www.celcoin.com.br,https://www.celcoin.com.br/cel_payments/gateway-de-pagamento/,Other fintech education,Sitemap URL path; not measured search queries or rankings
www.celcoin.com.br,https://www.celcoin.com.br/cel_payments/open-finance-itp/,Other fintech education,Sitemap URL path; not measured search queries or rankings
www.celcoin.com.br,https://www.celcoin.com.br/cel_payments/pagamento-de-contas/,Other fintech education,Sitemap URL path; not measured search queries or rankings
www.celcoin.com.br,https://www.celcoin.com.br/cel_payments/pix/,Pix for businesses; Other fintech education,Sitemap URL path; not measured search queries or rankings
www.celcoin.com.br,https://www.celcoin.com.br/cel_payments/recargas/,Other fintech education,Sitemap URL path; not measured search queries or rankings
www.celcoin.com.br,https://www.celcoin.com.br/cel_payments/saque-e-deposito/,Other fintech education,Sitemap URL path; not measured search queries or rankings
www.celcoin.com.br,https://www.celcoin.com.br/developers/gateway-de-pagamento/,Other fintech education,Sitemap URL path; not measured search queries or rankings
www.celcoin.com.br,https://www.celcoin.com.br/developers/gateway-de-pagamento/magento/,"POS, NFC and ready-made connectors; Other fintech education",Sitemap URL path; not measured search queries or rankings
www.celcoin.com.br,https://www.celcoin.com.br/developers/gateway-de-pagamento/vtex/,"POS, NFC and ready-made connectors; Other fintech education",Sitemap URL path; not measured search queries or rankings
www.celcoin.com.br,https://www.celcoin.com.br/developers/gateway-de-pagamento/woocommerce/,"POS, NFC and ready-made connectors; Other fintech education",Sitemap URL path; not measured search queries or rankings
www.celcoin.com.br,https://www.celcoin.com.br/industrias/mercado-de-capitais/,,Sitemap URL path; not measured search queries or rankings
www.celcoin.com.br,https://www.celcoin.com.br/insights/a-transformacao-dos-supermercados-em-plataformas-financeiras/,Other fintech education,Sitemap URL path; not measured search queries or rankings
www.celcoin.com.br,https://www.celcoin.com.br/insights/conheca-o-pix-automatico/,Pix for businesses; Automatic or recurring Pix,Sitemap URL path; not measured search queries or rankings
www.celcoin.com.br,https://www.celcoin.com.br/insights/novas-fronteiras-do-open-finance/,Other fintech education,Sitemap URL path; not measured search queries or rankings
www.celcoin.com.br,https://www.celcoin.com.br/insights/o-futuro-do-varejo-com-a-hiperpersonalizacao-e-as-tendencias-de-pagamento-no-brasil/,"POS, NFC and ready-made connectors; Other fintech education",Sitemap URL path; not measured search queries or rankings
www.celcoin.com.br,https://www.celcoin.com.br/insights/o-que-e-possivel-fazer-com-o-open-finance/,Other fintech education,Sitemap URL path; not measured search queries or rankings
www.celcoin.com.br,https://www.celcoin.com.br/insights/o-que-sua-instituicao-precisa-saber-sobre-a-detencao-de-contas-no-open-finance/,Other fintech education,Sitemap URL path; not measured search queries or rankings
www.celcoin.com.br,https://www.celcoin.com.br/insights/o-varejo-no-novo-ecossistema-financeiro/,Other fintech education,Sitemap URL path; not measured search queries or rankings
www.celcoin.com.br,https://www.celcoin.com.br/insights/open-finance-para-quem-ainda-nao-e-do-open/,Other fintech education,Sitemap URL path; not measured search queries or rankings
www.celcoin.com.br,https://www.celcoin.com.br/insights/pix-automatico/,Pix for businesses; Automatic or recurring Pix,Sitemap URL path; not measured search queries or rankings
www.celcoin.com.br,https://www.celcoin.com.br/insights/todas-as-possibilidades-do-pix-via-open-finance/,Pix for businesses; Other fintech education,Sitemap URL path; not measured search queries or rankings
www.celcoin.com.br,https://www.celcoin.com.br/news/10-produtos-de-tecnologia-financeira-que-fazem-parte-do-dia-a-dia-do-brasileiro/,Other fintech education,Sitemap URL path; not measured search queries or rankings
www.celcoin.com.br,https://www.celcoin.com.br/news/2024-e-o-ano-da-consolidacao-do-open-finance/,Other fintech education,Sitemap URL path; not measured search queries or rankings
www.celcoin.com.br,https://www.celcoin.com.br/news/3-dicas-de-como-usar-o-pix-qr-code-para-receber-de-seus-clientes/,Pix for businesses; Pix collection and QR code,Sitemap URL path; not measured search queries or rankings
www.celcoin.com.br,https://www.celcoin.com.br/news/3-fase-open-banking-desafios-e-oportunidades/,Other fintech education,Sitemap URL path; not measured search queries or rankings
www.celcoin.com.br,https://www.celcoin.com.br/news/3-fase-open-banking/,Other fintech education,Sitemap URL path; not measured search queries or rankings
www.celcoin.com.br,https://www.celcoin.com.br/news/3-formas-de-configurar-pix-para-e-commerce/,Pix for businesses,Sitemap URL path; not measured search queries or rankings
www.celcoin.com.br,https://www.celcoin.com.br/news/3-perguntas-com-respostas-sobre-pix-para-empresas/,Pix for businesses,Sitemap URL path; not measured search queries or rankings
www.celcoin.com.br,https://www.celcoin.com.br/news/3-principais-caracteristicas-de-uma-excelente-api-de-boletos/,Boleto and Bolepix,Sitemap URL path; not measured search queries or rankings
www.celcoin.com.br,https://www.celcoin.com.br/news/3-principais-segmentos-que-lucram-com-o-pagamento-recorrente/,Automatic or recurring Pix; Other fintech education,Sitemap URL path; not measured search queries or rankings
www.celcoin.com.br,https://www.celcoin.com.br/news/3-vantagens-para-seus-clientes-ao-voce-utilizar-o-sistema-de-cobranca-recorrente-na-sua-empresa/,Pix collection and QR code; Automatic or recurring Pix,Sitemap URL path; not measured search queries or rankings
www.celcoin.com.br,https://www.celcoin.com.br/news/4-beneficios-pagamento-recorrente-clinicas/,Automatic or recurring Pix; Other fintech education,Sitemap URL path; not measured search queries or rankings
www.celcoin.com.br,https://www.celcoin.com.br/news/4-dicas-para-escolher-a-melhor-api-de-boletos-para-sua-empresa/,Boleto and Bolepix,Sitemap URL path; not measured search queries or rankings
www.celcoin.com.br,https://www.celcoin.com.br/news/4-dicas-para-melhorar-a-cobranca-nas-clinicas-odontologicas/,Pix collection and QR code,Sitemap URL path; not measured search queries or rankings
www.celcoin.com.br,https://www.celcoin.com.br/news/4-passos-para-comecar-o-controle-financeiro/,Other fintech education,Sitemap URL path; not measured search queries or rankings
www.celcoin.com.br,https://www.celcoin.com.br/news/4-solucoes-de-pagamento-online-para-sua-empresa/,Other fintech education,Sitemap URL path; not measured search queries or rankings
www.celcoin.com.br,https://www.celcoin.com.br/news/5-dicas-de-organizacao-financeira-para-quem-trabalha-home-office/,Other fintech education,Sitemap URL path; not measured search queries or rankings
www.celcoin.com.br,https://www.celcoin.com.br/news/5-dicas-para-escolher-a-melhor-plataforma-de-pagamento-recorrente/,Automatic or recurring Pix; Other fintech education,Sitemap URL path; not measured search queries or rankings
www.celcoin.com.br,https://www.celcoin.com.br/news/5-dicas-para-manter-a-saude-financeira-empresarial/,Other fintech education,Sitemap URL path; not measured search queries or rankings
www.celcoin.com.br,https://www.celcoin.com.br/news/5-dicas-para-melhorar-a-cobranca-em-provedores-de-internet/,Pix collection and QR code,Sitemap URL path; not measured search queries or rankings
www.celcoin.com.br,https://www.celcoin.com.br/news/5-melhores-formas-de-receber-pagamento-online/,Other fintech education,Sitemap URL path; not measured search queries or rankings
www.celcoin.com.br,https://www.celcoin.com.br/news/5-plataformas-para-receber-pagamentos-online/,Other fintech education,Sitemap URL path; not measured search queries or rankings
www.celcoin.com.br,https://www.celcoin.com.br/news/5-segmentos-que-bombam-no-modelo-da-recorrencia/,Automatic or recurring Pix,Sitemap URL path; not measured search queries or rankings
www.celcoin.com.br,https://www.celcoin.com.br/news/5-vantagens-da-plataforma-de-pagamento-recorrente-para-fidelizacao/,Automatic or recurring Pix; Other fintech education,Sitemap URL path; not measured search queries or rankings
www.celcoin.com.br,https://www.celcoin.com.br/news/5-vantagens-de-receber-por-pagamento-recorrente/,Automatic or recurring Pix; Other fintech education,Sitemap URL path; not measured search queries or rankings
www.celcoin.com.br,https://www.celcoin.com.br/news/5-vantagens-de-usar-o-pagamento-recorrente-com-pix-no-seu-negocio/,Pix for businesses; Automatic or recurring Pix; Other fintech education,Sitemap URL path; not measured search queries or rankings
www.celcoin.com.br,https://www.celcoin.com.br/news/5-vantagens-de-usar-o-pix-para-e-commerce-em-sua-loja/,Pix for businesses,Sitemap URL path; not measured search queries or rankings
www.celcoin.com.br,https://www.celcoin.com.br/news/6-dicas-para-melhorar-a-cobranca-em-associacoes-de-protecao-veicular/,Pix collection and QR code,Sitemap URL path; not measured search queries or rankings
www.celcoin.com.br,https://www.celcoin.com.br/news/6-dicas-para-melhorar-a-cobranca-em-clubes-de-assinaturas/,Pix collection and QR code; Automatic or recurring Pix,Sitemap URL path; not measured search queries or rankings
www.celcoin.com.br,https://www.celcoin.com.br/news/6-dicas-para-melhorar-a-cobranca-em-clubes-de-lazer/,Pix collection and QR code,Sitemap URL path; not measured search queries or rankings
www.celcoin.com.br,https://www.celcoin.com.br/news/6-dicas-para-melhorar-a-cobranca-em-estacionamentos/,Pix collection and QR code,Sitemap URL path; not measured search queries or rankings
www.celcoin.com.br,https://www.celcoin.com.br/news/6-dicas-para-melhorar-a-cobranca-nas-academias/,Pix collection and QR code,Sitemap URL path; not measured search queries or rankings
www.celcoin.com.br,https://www.celcoin.com.br/news/6-dicas-para-melhorar-a-cobranca-nas-escolas/,Pix collection and QR code,Sitemap URL path; not measured search queries or rankings
www.celcoin.com.br,https://www.celcoin.com.br/news/6-funcionalidades-da-plataforma-de-pagamento-recorrente-cel-cash/,Automatic or recurring Pix; Other fintech education,Sitemap URL path; not measured search queries or rankings
www.celcoin.com.br,https://www.celcoin.com.br/news/6-vantagens-de-um-sistema-de-cobranca-recorrente/,Pix collection and QR code; Automatic or recurring Pix,Sitemap URL path; not measured search queries or rankings
www.celcoin.com.br,https://www.celcoin.com.br/news/8-funcionalidades-de-um-bom-gateway-de-pagamento/,Other fintech education,Sitemap URL path; not measured search queries or rankings
www.celcoin.com.br,https://www.celcoin.com.br/news/8-funcionalidades-de-um-sistema-de-cobranca-recorrente/,Pix collection and QR code; Automatic or recurring Pix,Sitemap URL path; not measured search queries or rankings
www.celcoin.com.br,https://www.celcoin.com.br/news/8-funcionalidades-de-uma-plataforma-para-receber-pagamentos-online/,Other fintech education,Sitemap URL path; not measured search queries or rankings
www.celcoin.com.br,https://www.celcoin.com.br/news/a-importancia-da-educacao-financeira/,Other fintech education,Sitemap URL path; not measured search queries or rankings
www.celcoin.com.br,https://www.celcoin.com.br/news/a-melhor-api-de-boletos-e-nossa-api-restful-de-pagamento/,Boleto and Bolepix; Other fintech education,Sitemap URL path; not measured search queries or rankings
www.celcoin.com.br,https://www.celcoin.com.br/news/a-nova-era-da-infraestrutura-de-pagamentos/,Other fintech education,Sitemap URL path; not measured search queries or rankings
www.celcoin.com.br,https://www.celcoin.com.br/news/a-nova-onda-do-embedded-finance/,Banking as a Service and embedded finance; Other fintech education,Sitemap URL path; not measured search queries or rankings
www.celcoin.com.br,https://www.celcoin.com.br/news/a-plataforma-de-pagamento-recorrente-te-ajudar-com-clientes-esquecidos/,Automatic or recurring Pix; Other fintech education,Sitemap URL path; not measured search queries or rankings
www.celcoin.com.br,https://www.celcoin.com.br/news/a-tendencia-do-embedded-finance-e-o-novo-mercado/,Banking as a Service and embedded finance; Other fintech education,Sitemap URL path; not measured search queries or rankings
www.celcoin.com.br,https://www.celcoin.com.br/news/a-transformacao-dos-supermercados-em-plataformas-financeiras/,Other fintech education,Sitemap URL path; not measured search queries or rankings
www.celcoin.com.br,https://www.celcoin.com.br/news/adiamento-terceira-fase-open-banking/,Other fintech education,Sitemap URL path; not measured search queries or rankings
www.celcoin.com.br,https://www.celcoin.com.br/news/adocao-de-embedded-finance/,Banking as a Service and embedded finance; Other fintech education,Sitemap URL path; not measured search queries or rankings
www.celcoin.com.br,https://www.celcoin.com.br/news/agregador-de-servicos-financeiros/,Other fintech education,Sitemap URL path; not measured search queries or rankings
www.celcoin.com.br,https://www.celcoin.com.br/news/ampliacao-de-credito-open-banking/,"Credit, installment plans and receivables; Other fintech education",Sitemap URL path; not measured search queries or rankings
www.celcoin.com.br,https://www.celcoin.com.br/news/antifraude-para-pix-protegem-empresas-consumidores/,Pix for businesses,Sitemap URL path; not measured search queries or rankings
www.celcoin.com.br,https://www.celcoin.com.br/news/antifraude-pix/,Pix for businesses,Sitemap URL path; not measured search queries or rankings
www.celcoin.com.br,https://www.celcoin.com.br/news/api-celcoin-permite-a-empresas-criarem-seus-produtos-de-credito/,"Credit, installment plans and receivables",Sitemap URL path; not measured search queries or rankings
www.celcoin.com.br,https://www.celcoin.com.br/news/api-celcoin-transacoes-pix/,Pix for businesses,Sitemap URL path; not measured search queries or rankings
www.celcoin.com.br,https://www.celcoin.com.br/news/api-de-boletos-para-consorcios/,Boleto and Bolepix,Sitemap URL path; not measured search queries or rankings
www.celcoin.com.br,https://www.celcoin.com.br/news/api-de-boletos-para-provedores-de-internet/,Boleto and Bolepix,Sitemap URL path; not measured search queries or rankings
www.celcoin.com.br,https://www.celcoin.com.br/news/api-de-cobranca/,Pix collection and QR code,Sitemap URL path; not measured search queries or rankings
www.celcoin.com.br,https://www.celcoin.com.br/news/api-de-credito/,"Credit, installment plans and receivables",Sitemap URL path; not measured search queries or rankings
www.celcoin.com.br,https://www.celcoin.com.br/news/api-de-debito-automatico-expande-ainda-mais-a-atuacao-da-celcoin-no-mercado/,Automatic or recurring Pix,Sitemap URL path; not measured search queries or rankings
www.celcoin.com.br,https://www.celcoin.com.br/news/api-de-pagamento-para-cartao-de-credito/,"Credit, installment plans and receivables; Other fintech education",Sitemap URL path; not measured search queries or rankings
www.celcoin.com.br,https://www.celcoin.com.br/news/api-de-pagamento-pix/,Pix for businesses; Other fintech education,Sitemap URL path; not measured search queries or rankings
www.celcoin.com.br,https://www.celcoin.com.br/news/api-de-pagamento/,Other fintech education,Sitemap URL path; not measured search queries or rankings
www.celcoin.com.br,https://www.celcoin.com.br/news/api-financeira/,Other fintech education,Sitemap URL path; not measured search queries or rankings
www.celcoin.com.br,https://www.celcoin.com.br/news/api-itp-open-banking/,Other fintech education,Sitemap URL path; not measured search queries or rankings
www.celcoin.com.br,https://www.celcoin.com.br/news/api-pix/,Pix for businesses; Pix API and payment APIs,Sitemap URL path; not measured search queries or rankings
www.celcoin.com.br,https://www.celcoin.com.br/news/apis-de-credito-conectam-fintechs-ao-mercado-de-capitais/,"Credit, installment plans and receivables",Sitemap URL path; not measured search queries or rankings
www.celcoin.com.br,https://www.celcoin.com.br/news/apis-de-pagamento-com-cartao-de-credito/,"Credit, installment plans and receivables; Other fintech education",Sitemap URL path; not measured search queries or rankings
www.celcoin.com.br,https://www.celcoin.com.br/news/aplicativos-servicos-financeiros-usuarios-2026/,Other fintech education,Sitemap URL path; not measured search queries or rankings
www.celcoin.com.br,https://www.celcoin.com.br/news/aporte-innova-capital-celcoin/,,Sitemap URL path; not measured search queries or rankings
www.celcoin.com.br,https://www.celcoin.com.br/news/aprenda-a-receber-pagamento-recorrente-de-vez/,Automatic or recurring Pix; Other fintech education,Sitemap URL path; not measured search queries or rankings
www.celcoin.com.br,https://www.celcoin.com.br/news/aprovacao-do-pix/,Pix for businesses,Sitemap URL path; not measured search queries or rankings
www.celcoin.com.br,https://www.celcoin.com.br/news/aquisicao-celcoin-finansystech-open-finance/,Other fintech education,Sitemap URL path; not measured search queries or rankings
www.celcoin.com.br,https://www.celcoin.com.br/news/arranjo-de-pagamento-o-que-e-para-que-serve-e-beneficios/,Other fintech education,Sitemap URL path; not measured search queries or rankings
www.celcoin.com.br,https://www.celcoin.com.br/news/as-melhores-dicas-sobre-plataforma-de-pagamento-recorrente/,Automatic or recurring Pix; Other fintech education,Sitemap URL path; not measured search queries or rankings
www.celcoin.com.br,https://www.celcoin.com.br/news/as-mudancas-no-sistema-financeiro-em-2025/,Other fintech education,Sitemap URL path; not measured search queries or rankings
www.celcoin.com.br,https://www.celcoin.com.br/news/atuacao-da-celcoin-no-mercado-de-servicos-financeiros/,Other fintech education,Sitemap URL path; not measured search queries or rankings
www.celcoin.com.br,https://www.celcoin.com.br/news/automacao-de-pagamentos/,Other fintech education,Sitemap URL path; not measured search queries or rankings
www.celcoin.com.br,https://www.celcoin.com.br/news/automatize-as-cobrancas-da-sua-empresa-utilizando-uma-api-de-boletos/,Pix collection and QR code; Boleto and Bolepix,Sitemap URL path; not measured search queries or rankings
www.celcoin.com.br,https://www.celcoin.com.br/news/baas-fomenta-ecossistema-invisivel/,Banking as a Service and embedded finance,Sitemap URL path; not measured search queries or rankings
www.celcoin.com.br,https://www.celcoin.com.br/news/baas-mundial/,Banking as a Service and embedded finance,Sitemap URL path; not measured search queries or rankings
www.celcoin.com.br,https://www.celcoin.com.br/news/baas-no-varejo-e-mercado-financeiro/,Banking as a Service and embedded finance; Other fintech education,Sitemap URL path; not measured search queries or rankings
www.celcoin.com.br,https://www.celcoin.com.br/news/baas-ted-solutions-pix-refund-celcoin/,Pix for businesses; Banking as a Service and embedded finance,Sitemap URL path; not measured search queries or rankings
www.celcoin.com.br,https://www.celcoin.com.br/news/baas-white-label/,Banking as a Service and embedded finance; Neobank and white label,Sitemap URL path; not measured search queries or rankings
www.celcoin.com.br,https://www.celcoin.com.br/news/banco-central-adia-pix-automatico-para-junho-de-2025/,Pix for businesses; Automatic or recurring Pix,Sitemap URL path; not measured search queries or rankings
www.celcoin.com.br,https://www.celcoin.com.br/news/banco-central-adia-pix-internacional/,Pix for businesses,Sitemap URL path; not measured search queries or rankings
www.celcoin.com.br,https://www.celcoin.com.br/news/banco-central-anuncia-pix-automatico-para-2024/,Pix for businesses; Automatic or recurring Pix,Sitemap URL path; not measured search queries or rankings
www.celcoin.com.br,https://www.celcoin.com.br/news/banco-central-comemora-5-anos-de-open-finance/,Other fintech education,Sitemap URL path; not measured search queries or rankings
www.celcoin.com.br,https://www.celcoin.com.br/news/banco-central-destaca-participacao-do-pix/,Pix for businesses,Sitemap URL path; not measured search queries or rankings
www.celcoin.com.br,https://www.celcoin.com.br/news/banco-central-ganha-premio-internacional-com-open-finance/,Other fintech education,Sitemap URL path; not measured search queries or rankings
www.celcoin.com.br,https://www.celcoin.com.br/news/banco-central-no-ranking-de-open-finance/,Other fintech education,Sitemap URL path; not measured search queries or rankings
www.celcoin.com.br,https://www.celcoin.com.br/news/banco-digital-white-label/,Neobank and white label,Sitemap URL path; not measured search queries or rankings
www.celcoin.com.br,https://www.celcoin.com.br/news/banco-white-label/,Neobank and white label,Sitemap URL path; not measured search queries or rankings
www.celcoin.com.br,https://www.celcoin.com.br/news/bancos-e-paytechs-no-mercado-de-pagamentos/,Other fintech education,Sitemap URL path; not measured search queries or rankings
www.celcoin.com.br,https://www.celcoin.com.br/news/banking-as-a-service-baas-no-brasil/,Banking as a Service and embedded finance; Other fintech education,Sitemap URL path; not measured search queries or rankings
www.celcoin.com.br,https://www.celcoin.com.br/news/banking-as-a-service-baas/,Banking as a Service and embedded finance; Other fintech education,Sitemap URL path; not measured search queries or rankings
www.celcoin.com.br,https://www.celcoin.com.br/news/banking-as-a-service-para-varejo/,Banking as a Service and embedded finance; Other fintech education,Sitemap URL path; not measured search queries or rankings
www.celcoin.com.br,https://www.celcoin.com.br/news/banking-as-a-service-tendencia-2022/,Banking as a Service and embedded finance; Other fintech education,Sitemap URL path; not measured search queries or rankings
www.celcoin.com.br,https://www.celcoin.com.br/news/bc-adia-prazo-estruturacao-open-banking/,Other fintech education,Sitemap URL path; not measured search queries or rankings
www.celcoin.com.br,https://www.celcoin.com.br/news/bc-amplia-open-banking-para-open-finance/,Other fintech education,Sitemap URL path; not measured search queries or rankings
www.celcoin.com.br,https://www.celcoin.com.br/news/beneficio-pagamento-cartao-de-credito-clinicas/,"Credit, installment plans and receivables; Other fintech education",Sitemap URL path; not measured search queries or rankings
www.celcoin.com.br,https://www.celcoin.com.br/news/beneficios-apis-financeiras/,Other fintech education,Sitemap URL path; not measured search queries or rankings
www.celcoin.com.br,https://www.celcoin.com.br/news/beyond-banking-transformacao-bancos/,Other fintech education,Sitemap URL path; not measured search queries or rankings
www.celcoin.com.br,https://www.celcoin.com.br/news/beyond-banking/,Other fintech education,Sitemap URL path; not measured search queries or rankings
www.celcoin.com.br,https://www.celcoin.com.br/news/blockchain-no-setor-financeiro/,Other fintech education,Sitemap URL path; not measured search queries or rankings
www.celcoin.com.br,https://www.celcoin.com.br/news/blueprintt-open-banking/,Other fintech education,Sitemap URL path; not measured search queries or rankings
www.celcoin.com.br,https://www.celcoin.com.br/news/boleto-ou-pix-entenda-as-vantagens-e-desvantagens-de-cada-um/,Pix for businesses; Boleto and Bolepix,Sitemap URL path; not measured search queries or rankings
www.celcoin.com.br,https://www.celcoin.com.br/news/boleto-x-pix-qual-escolher/,Pix for businesses; Boleto and Bolepix,Sitemap URL path; not measured search queries or rankings
www.celcoin.com.br,https://www.celcoin.com.br/news/botao-de-contestacao-do-pix/,Pix for businesses,Sitemap URL path; not measured search queries or rankings
www.celcoin.com.br,https://www.celcoin.com.br/news/brasil-adere-a-projeto-global-de-open-finance-project-aperta/,Other fintech education,Sitemap URL path; not measured search queries or rankings
www.celcoin.com.br,https://www.celcoin.com.br/news/brasil-e-lider-mundial-em-open-finance/,Other fintech education,Sitemap URL path; not measured search queries or rankings
www.celcoin.com.br,https://www.celcoin.com.br/news/carne-de-pagamento/,Other fintech education,Sitemap URL path; not measured search queries or rankings
www.celcoin.com.br,https://www.celcoin.com.br/news/cartao-de-credito-como-cobrar-de-forma-recorrente/,"Automatic or recurring Pix; Credit, installment plans and receivables",Sitemap URL path; not measured search queries or rankings
www.celcoin.com.br,https://www.celcoin.com.br/news/cartao-white-label/,Neobank and white label,Sitemap URL path; not measured search queries or rankings
www.celcoin.com.br,https://www.celcoin.com.br/news/cel-bricks-and-the-world-of-embedded-finance/,Banking as a Service and embedded finance; Other fintech education,Sitemap URL path; not measured search queries or rankings
www.celcoin.com.br,https://www.celcoin.com.br/news/cel-open-e-open-finance/,Other fintech education,Sitemap URL path; not measured search queries or rankings
www.celcoin.com.br,https://www.celcoin.com.br/news/cel-open-in-the-history-of-open-finance/,Other fintech education,Sitemap URL path; not measured search queries or rankings
www.celcoin.com.br,https://www.celcoin.com.br/news/celcoin-adquire-flow-finance/,Other fintech education,Sitemap URL path; not measured search queries or rankings
www.celcoin.com.br,https://www.celcoin.com.br/news/celcoin-atuara-como-instituicao-de-pagamento/,Other fintech education,Sitemap URL path; not measured search queries or rankings
www.celcoin.com.br,https://www.celcoin.com.br/news/celcoin-facilita-servicos-de-fintechs-e-bancos-por-meio-do-open-banking/,Other fintech education,Sitemap URL path; not measured search queries or rankings
www.celcoin.com.br,https://www.celcoin.com.br/news/celcoin-inova-em-tecnologia-financeira-para-o-varejo/,Other fintech education,Sitemap URL path; not measured search queries or rankings
www.celcoin.com.br,https://www.celcoin.com.br/news/celcoin-lanca-api-de-debito-direto-autorizado-dda/,,Sitemap URL path; not measured search queries or rankings
www.celcoin.com.br,https://www.celcoin.com.br/news/celcoin-lanca-apis-para-primeira-fase-open-banking/,Other fintech education,Sitemap URL path; not measured search queries or rankings
www.celcoin.com.br,https://www.celcoin.com.br/news/celcoin-open-finance-awards/,Other fintech education,Sitemap URL path; not measured search queries or rankings
www.celcoin.com.br,https://www.celcoin.com.br/news/celcoin-transacoes-open-finance/,Other fintech education,Sitemap URL path; not measured search queries or rankings
www.celcoin.com.br,https://www.celcoin.com.br/news/cenario-financeiro-brasileiro/,Other fintech education,Sitemap URL path; not measured search queries or rankings
www.celcoin.com.br,https://www.celcoin.com.br/news/ciab-open-finance/,Other fintech education,Sitemap URL path; not measured search queries or rankings
www.celcoin.com.br,https://www.celcoin.com.br/news/ciberseguranca-financeira/,Other fintech education,Sitemap URL path; not measured search queries or rankings
www.celcoin.com.br,https://www.celcoin.com.br/news/cinco-anos-do-pix/,Pix for businesses,Sitemap URL path; not measured search queries or rankings
www.celcoin.com.br,https://www.celcoin.com.br/news/cobranca-pix/,Pix for businesses; Pix collection and QR code,Sitemap URL path; not measured search queries or rankings
www.celcoin.com.br,https://www.celcoin.com.br/news/cobranca-recorrente-pode-diminuir-inadimplencia/,Pix collection and QR code; Automatic or recurring Pix,Sitemap URL path; not measured search queries or rankings
www.celcoin.com.br,https://www.celcoin.com.br/news/cobranca-recorrente/,Pix collection and QR code; Automatic or recurring Pix,Sitemap URL path; not measured search queries or rankings
www.celcoin.com.br,https://www.celcoin.com.br/news/com-aporte-da-vox-capital-celcoin-lanca-apis-de-open-banking/,Other fintech education,Sitemap URL path; not measured search queries or rankings
www.celcoin.com.br,https://www.celcoin.com.br/news/com-hubdigital-celcoin-faz-parte-da-revolucao-do-mercado-financeiro/,Other fintech education,Sitemap URL path; not measured search queries or rankings
www.celcoin.com.br,https://www.celcoin.com.br/news/com-novo-aporte-de-capital-celcoin-turbina-desenvolvimento-de-produtos/,,Sitemap URL path; not measured search queries or rankings
www.celcoin.com.br,https://www.celcoin.com.br/news/comece-a-receber-pagamentos-online-na-hora/,Other fintech education,Sitemap URL path; not measured search queries or rankings
www.celcoin.com.br,https://www.celcoin.com.br/news/como-a-api-de-boletos-me-ajuda-a-poupar-tempo/,Boleto and Bolepix,Sitemap URL path; not measured search queries or rankings
www.celcoin.com.br,https://www.celcoin.com.br/news/como-abrir-uma-financeira-de-credito/,"Credit, installment plans and receivables; Other fintech education",Sitemap URL path; not measured search queries or rankings
www.celcoin.com.br,https://www.celcoin.com.br/news/como-abrir-uma-financeira-no-mercado-de-credito/,"Credit, installment plans and receivables; Other fintech education",Sitemap URL path; not measured search queries or rankings
www.celcoin.com.br,https://www.celcoin.com.br/news/como-aderir-ao-baas-e-lancar-solucoes-financeiras/,Banking as a Service and embedded finance; Other fintech education,Sitemap URL path; not measured search queries or rankings
www.celcoin.com.br,https://www.celcoin.com.br/news/como-ajudamos-a-simply-the-best-a-gerenciar-melhor-suas-cobrancas/,Pix collection and QR code,Sitemap URL path; not measured search queries or rankings
www.celcoin.com.br,https://www.celcoin.com.br/news/como-apis-de-pagamento-melhoram-a-experiencia/,Other fintech education,Sitemap URL path; not measured search queries or rankings
www.celcoin.com.br,https://www.celcoin.com.br/news/como-as-apis-financeiras-revolucionam-o-mercado-de-pagamentos/,Other fintech education,Sitemap URL path; not measured search queries or rankings
www.celcoin.com.br,https://www.celcoin.com.br/news/como-as-apis-potencializam-os-meios-de-pagamento/,Other fintech education,Sitemap URL path; not measured search queries or rankings
www.celcoin.com.br,https://www.celcoin.com.br/news/como-cobrar-aluguel-atraves-de-uma-api-de-boletos/,Boleto and Bolepix,Sitemap URL path; not measured search queries or rankings
www.celcoin.com.br,https://www.celcoin.com.br/news/como-combater-a-inadimplencia-com-um-sistema-de-cobranca-recorrente/,Pix collection and QR code; Automatic or recurring Pix,Sitemap URL path; not measured search queries or rankings
www.celcoin.com.br,https://www.celcoin.com.br/news/como-comecar-a-receber-pagamento-recorrente/,Automatic or recurring Pix; Other fintech education,Sitemap URL path; not measured search queries or rankings
www.celcoin.com.br,https://www.celcoin.com.br/news/como-comecar-um-negocio-digital-e-receber-pagamentos-online/,Other fintech education,Sitemap URL path; not measured search queries or rankings
www.celcoin.com.br,https://www.celcoin.com.br/news/como-controlar-financeiro-clinica-software-medico/,Other fintech education,Sitemap URL path; not measured search queries or rankings
www.celcoin.com.br,https://www.celcoin.com.br/news/como-criar-metas-financeiras-realistas/,Other fintech education,Sitemap URL path; not measured search queries or rankings
www.celcoin.com.br,https://www.celcoin.com.br/news/como-criar-um-gateway-de-pagamento/,Other fintech education,Sitemap URL path; not measured search queries or rankings
www.celcoin.com.br,https://www.celcoin.com.br/news/como-criar-um-pix-pj-para-minha-empresa-2/,Pix for businesses,Sitemap URL path; not measured search queries or rankings
www.celcoin.com.br,https://www.celcoin.com.br/news/como-criar-uma-pagina-de-pagamento/,Other fintech education,Sitemap URL path; not measured search queries or rankings
www.celcoin.com.br,https://www.celcoin.com.br/news/como-empresas-nao-financeiras-oferecem-credito/,"Credit, installment plans and receivables; Other fintech education",Sitemap URL path; not measured search queries or rankings
www.celcoin.com.br,https://www.celcoin.com.br/news/como-evitar-golpes-financeiros-na-internet/,Other fintech education,Sitemap URL path; not measured search queries or rankings
www.celcoin.com.br,https://www.celcoin.com.br/news/como-fazer-a-gestao-de-pagamentos-para-agencias-de-publicidade-sem-se-perder-entre-os-prazos/,Other fintech education,Sitemap URL path; not measured search queries or rankings
www.celcoin.com.br,https://www.celcoin.com.br/news/como-fazer-o-controle-de-pagamento-dos-clientes-dicas-praticas/,Other fintech education,Sitemap URL path; not measured search queries or rankings
www.celcoin.com.br,https://www.celcoin.com.br/news/como-funciona-a-antecipacao-no-pagamento-recorrente/,"Automatic or recurring Pix; Credit, installment plans and receivables; Other fintech education",Sitemap URL path; not measured search queries or rankings
www.celcoin.com.br,https://www.celcoin.com.br/news/como-funciona-a-cobranca-recorrente/,Pix collection and QR code; Automatic or recurring Pix,Sitemap URL path; not measured search queries or rankings
www.celcoin.com.br,https://www.celcoin.com.br/news/como-funciona-a-iniciacao-de-transacao-de-pagamento-itp/,Other fintech education,Sitemap URL path; not measured search queries or rankings
www.celcoin.com.br,https://www.celcoin.com.br/news/como-funciona-o-pagamento-recorrente-para-startups/,Automatic or recurring Pix; Other fintech education,Sitemap URL path; not measured search queries or rankings
www.celcoin.com.br,https://www.celcoin.com.br/news/como-funciona-o-pagamento-recorrente/,Automatic or recurring Pix; Other fintech education,Sitemap URL path; not measured search queries or rankings
www.celcoin.com.br,https://www.celcoin.com.br/news/como-funciona-o-pix-qr-code-2/,Pix for businesses; Pix collection and QR code,Sitemap URL path; not measured search queries or rankings
www.celcoin.com.br,https://www.celcoin.com.br/news/como-funciona-o-pix/,Pix for businesses,Sitemap URL path; not measured search queries or rankings
www.celcoin.com.br,https://www.celcoin.com.br/news/como-funcionam-os-gateways-de-pagamento/,Other fintech education,Sitemap URL path; not measured search queries or rankings
www.celcoin.com.br,https://www.celcoin.com.br/news/como-gerar-boleto-registrado-de-forma-rapida-e-pratica/,Boleto and Bolepix,Sitemap URL path; not measured search queries or rankings
www.celcoin.com.br,https://www.celcoin.com.br/news/como-habilitar-o-pix-pagamento-instantaneo-na-minha-empresa/,Pix for businesses; Other fintech education,Sitemap URL path; not measured search queries or rankings
www.celcoin.com.br,https://www.celcoin.com.br/news/como-implantar-a-recorrencia-em-empresas-tradicionais/,Automatic or recurring Pix,Sitemap URL path; not measured search queries or rankings
www.celcoin.com.br,https://www.celcoin.com.br/news/como-implantar-cobranca-recorrente-na-minha-empresa/,Pix collection and QR code; Automatic or recurring Pix,Sitemap URL path; not measured search queries or rankings
www.celcoin.com.br,https://www.celcoin.com.br/news/como-montar-um-plano-financeiro-para-realizar-uma-viagem/,Other fintech education,Sitemap URL path; not measured search queries or rankings
www.celcoin.com.br,https://www.celcoin.com.br/news/como-oferecer-pix-para-e-commerce-em-minha-loja-2/,Pix for businesses,Sitemap URL path; not measured search queries or rankings
www.celcoin.com.br,https://www.celcoin.com.br/news/como-receber-pagamento-de-cartao-de-credito-por-celular/,"Credit, installment plans and receivables; Other fintech education",Sitemap URL path; not measured search queries or rankings
www.celcoin.com.br,https://www.celcoin.com.br/news/como-receber-pagamentos-online-na-minha-loja-virtual/,Other fintech education,Sitemap URL path; not measured search queries or rankings
www.celcoin.com.br,https://www.celcoin.com.br/news/como-receber-pagamentos-online-pelo-pix/,Pix for businesses; Other fintech education,Sitemap URL path; not measured search queries or rankings
www.celcoin.com.br,https://www.celcoin.com.br/news/como-receber-pagamentos-online/,Other fintech education,Sitemap URL path; not measured search queries or rankings
www.celcoin.com.br,https://www.celcoin.com.br/news/como-se-tornar-participante-indireto-do-pix/,Pix for businesses,Sitemap URL path; not measured search queries or rankings
www.celcoin.com.br,https://www.celcoin.com.br/news/como-solucionar-problemas-nas-cobrancas-dos-seus-clientes/,Pix collection and QR code,Sitemap URL path; not measured search queries or rankings
www.celcoin.com.br,https://www.celcoin.com.br/news/como-tornar-sua-empresa-um-banco-com-baas/,Banking as a Service and embedded finance,Sitemap URL path; not measured search queries or rankings
www.celcoin.com.br,https://www.celcoin.com.br/news/como-um-erp-pode-auxiliar-na-gestao-financeira-da-sua-empresa/,"POS, NFC and ready-made connectors; Other fintech education",Sitemap URL path; not measured search queries or rankings
www.celcoin.com.br,https://www.celcoin.com.br/news/como-usar-o-pagamento-instantaneo-pix-para-economizar-na-conta-de-telefone/,Pix for businesses; Other fintech education,Sitemap URL path; not measured search queries or rankings
www.celcoin.com.br,https://www.celcoin.com.br/news/como-utilizar-o-link-de-pagamento-para-vender-nas-redes-sociais/,Other fintech education,Sitemap URL path; not measured search queries or rankings
www.celcoin.com.br,https://www.celcoin.com.br/news/como-utilizar-o-pagamento-recorrente-em-agencias-de-turismo/,Automatic or recurring Pix; Other fintech education,Sitemap URL path; not measured search queries or rankings
www.celcoin.com.br,https://www.celcoin.com.br/news/como-utilizar-o-pix-para-e-commerce-e-atrair-mais-clientes/,Pix for businesses,Sitemap URL path; not measured search queries or rankings
www.celcoin.com.br,https://www.celcoin.com.br/news/conexao-direta-e-sem-limite-pix-para-clientes-celcoin/,Pix for businesses,Sitemap URL path; not measured search queries or rankings
www.celcoin.com.br,https://www.celcoin.com.br/news/conheca-as-vantagens-da-api-de-pix/,Pix for businesses,Sitemap URL path; not measured search queries or rankings
www.celcoin.com.br,https://www.celcoin.com.br/news/conheca-o-endofinance/,Other fintech education,Sitemap URL path; not measured search queries or rankings
www.celcoin.com.br,https://www.celcoin.com.br/news/conheca-o-melhor-gateway-de-pagamentos/,Other fintech education,Sitemap URL path; not measured search queries or rankings
www.celcoin.com.br,https://www.celcoin.com.br/news/consentiments-open-finance/,Other fintech education,Sitemap URL path; not measured search queries or rankings
www.celcoin.com.br,https://www.celcoin.com.br/news/conta-digital-celcoin-para-marketplace/,Business accounts and subaccounts,Sitemap URL path; not measured search queries or rankings
www.celcoin.com.br,https://www.celcoin.com.br/news/conta-digital-nas-comunidades/,Business accounts and subaccounts,Sitemap URL path; not measured search queries or rankings
www.celcoin.com.br,https://www.celcoin.com.br/news/conta-digital/,Business accounts and subaccounts,Sitemap URL path; not measured search queries or rankings
www.celcoin.com.br,https://www.celcoin.com.br/news/contextual-banking/,Other fintech education,Sitemap URL path; not measured search queries or rankings
www.celcoin.com.br,https://www.celcoin.com.br/news/controle-financeiro/,Other fintech education,Sitemap URL path; not measured search queries or rankings
www.celcoin.com.br,https://www.celcoin.com.br/news/cooperativismo-de-credito-assume-protagonismo-no-open-finance/,"Credit, installment plans and receivables; Other fintech education",Sitemap URL path; not measured search queries or rankings
www.celcoin.com.br,https://www.celcoin.com.br/news/core-banking-tudo-o-que-sua-empresa-precisa-saber/,Other fintech education,Sitemap URL path; not measured search queries or rankings
www.celcoin.com.br,https://www.celcoin.com.br/news/credito-integrado-no-mercado-de-capitais/,"Credit, installment plans and receivables",Sitemap URL path; not measured search queries or rankings
www.celcoin.com.br,https://www.celcoin.com.br/news/credito-open-banking/,"Credit, installment plans and receivables; Other fintech education",Sitemap URL path; not measured search queries or rankings
www.celcoin.com.br,https://www.celcoin.com.br/news/cresce-o-volume-da-iniciacao-de-pagamento/,Other fintech education,Sitemap URL path; not measured search queries or rankings
www.celcoin.com.br,https://www.celcoin.com.br/news/crescimento-exponencial-do-pix/,Pix for businesses,Sitemap URL path; not measured search queries or rankings
www.celcoin.com.br,https://www.celcoin.com.br/news/crescimento-pix-carteira-digital/,Pix for businesses,Sitemap URL path; not measured search queries or rankings
www.celcoin.com.br,https://www.celcoin.com.br/news/criptoativos-e-a-nova-ordem-financeira-global/,Pix to stablecoins; Other fintech education,Sitemap URL path; not measured search queries or rankings
www.celcoin.com.br,https://www.celcoin.com.br/news/customer-experience-open-banking/,Other fintech education,Sitemap URL path; not measured search queries or rankings
www.celcoin.com.br,https://www.celcoin.com.br/news/customer-experience-para-confianca-no-open-banking/,Other fintech education,Sitemap URL path; not measured search queries or rankings
www.celcoin.com.br,https://www.celcoin.com.br/news/dados-compartilhados-4-fase-open-banking/,Other fintech education,Sitemap URL path; not measured search queries or rankings
www.celcoin.com.br,https://www.celcoin.com.br/news/dados-ineditos-do-call-tracking-no-mercado-financeiro/,Other fintech education,Sitemap URL path; not measured search queries or rankings
www.celcoin.com.br,https://www.celcoin.com.br/news/dda-como-debito-direto-autorizado-simplifica-pagamentos/,Other fintech education,Sitemap URL path; not measured search queries or rankings
www.celcoin.com.br,https://www.celcoin.com.br/news/debito-veicular-white-label-celcoin/,Neobank and white label,Sitemap URL path; not measured search queries or rankings
www.celcoin.com.br,https://www.celcoin.com.br/news/democratizacao-do-acesso-a-servicos-financeiros/,Other fintech education,Sitemap URL path; not measured search queries or rankings
www.celcoin.com.br,https://www.celcoin.com.br/news/democratizar-acesso-a-servicos-financeiros/,Other fintech education,Sitemap URL path; not measured search queries or rankings
www.celcoin.com.br,https://www.celcoin.com.br/news/descubra-tudo-sobre-gateway-de-pagamentos/,Other fintech education,Sitemap URL path; not measured search queries or rankings
www.celcoin.com.br,https://www.celcoin.com.br/news/desembolso-de-credito-via-pix-celcoin/,"Pix for businesses; Credit, installment plans and receivables",Sitemap URL path; not measured search queries or rankings
www.celcoin.com.br,https://www.celcoin.com.br/news/dicas-de-organizacao-financeira-para-2026/,Other fintech education,Sitemap URL path; not measured search queries or rankings
www.celcoin.com.br,https://www.celcoin.com.br/news/dicas-para-construir-uma-reserva-financeira/,Other fintech education,Sitemap URL path; not measured search queries or rankings
www.celcoin.com.br,https://www.celcoin.com.br/news/digital-banking/,Other fintech education,Sitemap URL path; not measured search queries or rankings
www.celcoin.com.br,https://www.celcoin.com.br/news/digital-real-and-open-finance/,Other fintech education,Sitemap URL path; not measured search queries or rankings
www.celcoin.com.br,https://www.celcoin.com.br/news/digitalizacao-mudou-a-dinamica-do-mercado-financeiro/,Other fintech education,Sitemap URL path; not measured search queries or rankings
www.celcoin.com.br,https://www.celcoin.com.br/news/diminua-a-inadimplencia-utilizando-umasolucao-de-pagamento-online/,Other fintech education,Sitemap URL path; not measured search queries or rankings
www.celcoin.com.br,https://www.celcoin.com.br/news/direitos-e-limites-open-banking/,Other fintech education,Sitemap URL path; not measured search queries or rankings
www.celcoin.com.br,https://www.celcoin.com.br/news/dois-anos-pix/,Pix for businesses,Sitemap URL path; not measured search queries or rankings
www.celcoin.com.br,https://www.celcoin.com.br/news/dre-a-importancia-para-a-saude-financeira-da-empresa/,Other fintech education,Sitemap URL path; not measured search queries or rankings
www.celcoin.com.br,https://www.celcoin.com.br/news/e-financeira-para-fintechs-e-ips/,Other fintech education,Sitemap URL path; not measured search queries or rankings
www.celcoin.com.br,https://www.celcoin.com.br/news/e-possivel-evitar-atrasos-no-recebimento-dos-pagamentos-da-minha-empresa/,Other fintech education,Sitemap URL path; not measured search queries or rankings
www.celcoin.com.br,https://www.celcoin.com.br/news/e-seguro-utilizar-o-pix-para-recebimento-recorrente/,Pix for businesses; Automatic or recurring Pix,Sitemap URL path; not measured search queries or rankings
www.celcoin.com.br,https://www.celcoin.com.br/news/ecossistema-financeiro-para-varejistas/,Other fintech education,Sitemap URL path; not measured search queries or rankings
www.celcoin.com.br,https://www.celcoin.com.br/news/ecossistema-pix-evolucao/,Pix for businesses,Sitemap URL path; not measured search queries or rankings
www.celcoin.com.br,https://www.celcoin.com.br/news/email-de-cobranca/,Pix collection and QR code,Sitemap URL path; not measured search queries or rankings
www.celcoin.com.br,https://www.celcoin.com.br/news/embedded-credit/,"Credit, installment plans and receivables",Sitemap URL path; not measured search queries or rankings
www.celcoin.com.br,https://www.celcoin.com.br/news/embedded-finance-agrega-todas-as-empresas/,Banking as a Service and embedded finance; Other fintech education,Sitemap URL path; not measured search queries or rankings
www.celcoin.com.br,https://www.celcoin.com.br/news/embedded-finance-em-erps/,"Banking as a Service and embedded finance; POS, NFC and ready-made connectors; Other fintech education",Sitemap URL path; not measured search queries or rankings
www.celcoin.com.br,https://www.celcoin.com.br/news/embedded-finance-financas-embarcadas-no-brasil/,Banking as a Service and embedded finance; Other fintech education,Sitemap URL path; not measured search queries or rankings
www.celcoin.com.br,https://www.celcoin.com.br/news/embedded-finance-inclusao-de-servicos-financeiros/,Banking as a Service and embedded finance; Other fintech education,Sitemap URL path; not measured search queries or rankings
www.celcoin.com.br,https://www.celcoin.com.br/news/embedded-finance-na-experiencia-do-usuario/,Banking as a Service and embedded finance; Other fintech education,Sitemap URL path; not measured search queries or rankings
www.celcoin.com.br,https://www.celcoin.com.br/news/embedded-finance-no-varejo/,Banking as a Service and embedded finance; Other fintech education,Sitemap URL path; not measured search queries or rankings
www.celcoin.com.br,https://www.celcoin.com.br/news/embedded-finance-para-erps/,"Banking as a Service and embedded finance; POS, NFC and ready-made connectors; Other fintech education",Sitemap URL path; not measured search queries or rankings
www.celcoin.com.br,https://www.celcoin.com.br/news/embedded-finance-pode-ajudar-personalizacao-de-empresas/,Banking as a Service and embedded finance; Other fintech education,Sitemap URL path; not measured search queries or rankings
www.celcoin.com.br,https://www.celcoin.com.br/news/embedded-finance-transforma-sua-empresas/,Banking as a Service and embedded finance; Other fintech education,Sitemap URL path; not measured search queries or rankings
www.celcoin.com.br,https://www.celcoin.com.br/news/embedded-finance-traz-receita-extra-no-pequeno-varejo/,Banking as a Service and embedded finance; Other fintech education,Sitemap URL path; not measured search queries or rankings
www.celcoin.com.br,https://www.celcoin.com.br/news/embedded-lending/,,Sitemap URL path; not measured search queries or rankings
www.celcoin.com.br,https://www.celcoin.com.br/news/embedded-payments/,Other fintech education,Sitemap URL path; not measured search queries or rankings
www.celcoin.com.br,https://www.celcoin.com.br/news/empresas-aderem-ao-pix-e-democratizam-o-acesso-ao-mercado-de-consumo/,Pix for businesses,Sitemap URL path; not measured search queries or rankings
www.celcoin.com.br,https://www.celcoin.com.br/news/endofinance/,Other fintech education,Sitemap URL path; not measured search queries or rankings
www.celcoin.com.br,https://www.celcoin.com.br/news/entenda-como-acontecem-as-transacoes-em-um-gateway-de-pagamento/,Other fintech education,Sitemap URL path; not measured search queries or rankings
www.celcoin.com.br,https://www.celcoin.com.br/news/entenda-como-funciona-gateway-de-pagamento-para-aplicativos/,Other fintech education,Sitemap URL path; not measured search queries or rankings
www.celcoin.com.br,https://www.celcoin.com.br/news/entenda-como-funciona-o-split-de-pagamento/,Split payments; Other fintech education,Sitemap URL path; not measured search queries or rankings
www.celcoin.com.br,https://www.celcoin.com.br/news/entenda-porque-as-empresas-estao-aderindo-a-api-de-boletos/,Boleto and Bolepix,Sitemap URL path; not measured search queries or rankings
www.celcoin.com.br,https://www.celcoin.com.br/news/entenda-porque-o-sistema-de-assinaturas-e-perfeito-para-receber-pagamento-recorrente/,Automatic or recurring Pix; Other fintech education,Sitemap URL path; not measured search queries or rankings
www.celcoin.com.br,https://www.celcoin.com.br/news/entenda-sobre-cobranca-recorrente-via-cartao-de-credito/,"Pix collection and QR code; Automatic or recurring Pix; Credit, installment plans and receivables",Sitemap URL path; not measured search queries or rankings
www.celcoin.com.br,https://www.celcoin.com.br/news/entenda-sobre-pagamento-recorrente-via-cartao-de-credito/,"Automatic or recurring Pix; Credit, installment plans and receivables; Other fintech education",Sitemap URL path; not measured search queries or rankings
www.celcoin.com.br,https://www.celcoin.com.br/news/esg-mercado-financeiro/,Other fintech education,Sitemap URL path; not measured search queries or rankings
www.celcoin.com.br,https://www.celcoin.com.br/news/estrategias-para-integrar-pix-no-checkout/,Pix for businesses; Payment links and hosted checkout,Sitemap URL path; not measured search queries or rankings
www.celcoin.com.br,https://www.celcoin.com.br/news/estudo-aponta-para-maior-rentabilidade-com-open-finance/,Other fintech education,Sitemap URL path; not measured search queries or rankings
www.celcoin.com.br,https://www.celcoin.com.br/news/estudo-celcoin-pagamentos/,Other fintech education,Sitemap URL path; not measured search queries or rankings
www.celcoin.com.br,https://www.celcoin.com.br/news/evento-de-lancamento-do-pix-automatico/,Pix for businesses; Automatic or recurring Pix,Sitemap URL path; not measured search queries or rankings
www.celcoin.com.br,https://www.celcoin.com.br/news/evolucao-das-fintechs-com-o-embedded-finance/,Banking as a Service and embedded finance; Other fintech education,Sitemap URL path; not measured search queries or rankings
www.celcoin.com.br,https://www.celcoin.com.br/news/experiencia-do-usuario-open-finance/,Other fintech education,Sitemap URL path; not measured search queries or rankings
www.celcoin.com.br,https://www.celcoin.com.br/news/explorando-os-meios-de-pagamento/,Other fintech education,Sitemap URL path; not measured search queries or rankings
www.celcoin.com.br,https://www.celcoin.com.br/news/explorando-os-produtos-financeiros/,Other fintech education,Sitemap URL path; not measured search queries or rankings
www.celcoin.com.br,https://www.celcoin.com.br/news/fase-4-do-open-finance/,Other fintech education,Sitemap URL path; not measured search queries or rankings
www.celcoin.com.br,https://www.celcoin.com.br/news/fase-4-transforma-open-banking-em-open-finance/,Other fintech education,Sitemap URL path; not measured search queries or rankings
www.celcoin.com.br,https://www.celcoin.com.br/news/febraban-destaca-papel-revolucionario-do-pix/,Pix for businesses,Sitemap URL path; not measured search queries or rankings
www.celcoin.com.br,https://www.celcoin.com.br/news/febraban-e-bc-contra-fraudes-no-pix/,Pix for businesses,Sitemap URL path; not measured search queries or rankings
www.celcoin.com.br,https://www.celcoin.com.br/news/febraban-tech-2025-mobile-banking-beyond-banking/,Other fintech education,Sitemap URL path; not measured search queries or rankings
www.celcoin.com.br,https://www.celcoin.com.br/news/febraban-tech-2025-pix-baas-e-open-finance/,Pix for businesses; Banking as a Service and embedded finance; Other fintech education,Sitemap URL path; not measured search queries or rankings
www.celcoin.com.br,https://www.celcoin.com.br/news/febraban-tech-2026-o-futuro-dos-pagamentos/,Other fintech education,Sitemap URL path; not measured search queries or rankings
www.celcoin.com.br,https://www.celcoin.com.br/news/febraban-tech-2026-sinaliza-futuro-da-ia-nos-servicos-financeiros/,Other fintech education,Sitemap URL path; not measured search queries or rankings
www.celcoin.com.br,https://www.celcoin.com.br/news/febraban-tech-open-finance-referencia-no-cenario-global/,Other fintech education,Sitemap URL path; not measured search queries or rankings
www.celcoin.com.br,https://www.celcoin.com.br/news/fidelizacao-de-clientes-venda-recorrente/,Automatic or recurring Pix,Sitemap URL path; not measured search queries or rankings
www.celcoin.com.br,https://www.celcoin.com.br/news/fluxo-de-pagamento/,Other fintech education,Sitemap URL path; not measured search queries or rankings
www.celcoin.com.br,https://www.celcoin.com.br/news/formas-de-pagamento-para-negocios/,Other fintech education,Sitemap URL path; not measured search queries or rankings
www.celcoin.com.br,https://www.celcoin.com.br/news/formas-de-pagamento/,Other fintech education,Sitemap URL path; not measured search queries or rankings
www.celcoin.com.br,https://www.celcoin.com.br/news/fraudes-em-open-finance/,Other fintech education,Sitemap URL path; not measured search queries or rankings
www.celcoin.com.br,https://www.celcoin.com.br/news/futuro-financeiro-do-brasil/,Other fintech education,Sitemap URL path; not measured search queries or rankings
www.celcoin.com.br,https://www.celcoin.com.br/news/galax-pay-solucao-de-pagamento-online-para-sua-empresa/,Other fintech education,Sitemap URL path; not measured search queries or rankings
www.celcoin.com.br,https://www.celcoin.com.br/news/gateway-de-pagamento-com-split/,Split payments; Other fintech education,Sitemap URL path; not measured search queries or rankings
www.celcoin.com.br,https://www.celcoin.com.br/news/gateway-de-pagamento-melhor-opcao-para-receber-por-cartao-de-credito/,"Credit, installment plans and receivables; Other fintech education",Sitemap URL path; not measured search queries or rankings
www.celcoin.com.br,https://www.celcoin.com.br/news/gateway-de-pagamento-ou-intermediador-saiba-as-diferencas-de-cada-um/,Other fintech education,Sitemap URL path; not measured search queries or rankings
www.celcoin.com.br,https://www.celcoin.com.br/news/gateway-de-pagamento-para-e-commerce/,Other fintech education,Sitemap URL path; not measured search queries or rankings
www.celcoin.com.br,https://www.celcoin.com.br/news/gateway-de-pagamento-para-empresas-5-vantagens/,Other fintech education,Sitemap URL path; not measured search queries or rankings
www.celcoin.com.br,https://www.celcoin.com.br/news/gateway-de-pagamento-para-erp/,"POS, NFC and ready-made connectors; Other fintech education",Sitemap URL path; not measured search queries or rankings
www.celcoin.com.br,https://www.celcoin.com.br/news/gateway-de-pagamento-para-franquias/,Other fintech education,Sitemap URL path; not measured search queries or rankings
www.celcoin.com.br,https://www.celcoin.com.br/news/gateway-de-pagamento-white-label/,Neobank and white label; Other fintech education,Sitemap URL path; not measured search queries or rankings
www.celcoin.com.br,https://www.celcoin.com.br/news/gerar-boleto-registrado-por-instituicao-financeira-ou-sistema-de-pagamentos/,Boleto and Bolepix; Other fintech education,Sitemap URL path; not measured search queries or rankings
www.celcoin.com.br,https://www.celcoin.com.br/news/gerar-link-de-pagamento-para-vender-online/,Other fintech education,Sitemap URL path; not measured search queries or rankings
www.celcoin.com.br,https://www.celcoin.com.br/news/gere-link-de-pagamento-online-para-seu-negocio/,Other fintech education,Sitemap URL path; not measured search queries or rankings
www.celcoin.com.br,https://www.celcoin.com.br/news/gestao-de-carteira-e-cobranca/,Pix collection and QR code,Sitemap URL path; not measured search queries or rankings
www.celcoin.com.br,https://www.celcoin.com.br/news/gestao-de-cobrancas/,Pix collection and QR code,Sitemap URL path; not measured search queries or rankings
www.celcoin.com.br,https://www.celcoin.com.br/news/gestao-de-credito-e-cobranca/,"Pix collection and QR code; Credit, installment plans and receivables",Sitemap URL path; not measured search queries or rankings
www.celcoin.com.br,https://www.celcoin.com.br/news/gestao-de-recebiveis-otimize-capital-de-giro-no-varejo-e-ecommerce/,,Sitemap URL path; not measured search queries or rankings
www.celcoin.com.br,https://www.celcoin.com.br/news/gestao-financeira-com-o-split-de-pagamento/,Split payments; Other fintech education,Sitemap URL path; not measured search queries or rankings
www.celcoin.com.br,https://www.celcoin.com.br/news/gestao-financeira-como-utilizar-erps-para-atingir-a-alta-performance/,"POS, NFC and ready-made connectors; Other fintech education",Sitemap URL path; not measured search queries or rankings
www.celcoin.com.br,https://www.celcoin.com.br/news/gestao-financeira-escolar-guia-completo/,Other fintech education,Sitemap URL path; not measured search queries or rankings
www.celcoin.com.br,https://www.celcoin.com.br/news/gestao-financeira-o-que-e-por-onde-comecar/,Other fintech education,Sitemap URL path; not measured search queries or rankings
www.celcoin.com.br,https://www.celcoin.com.br/news/gestao-financeira-para-imobiliaria-saiba-como-melhorar-os-metodos-de-pagamento/,Other fintech education,Sitemap URL path; not measured search queries or rankings
www.celcoin.com.br,https://www.celcoin.com.br/news/gestoras-de-venture-capital-e-crescimento-de-fintechs/,,Sitemap URL path; not measured search queries or rankings
www.celcoin.com.br,https://www.celcoin.com.br/news/guia-completo-para-saber-como-receber-pagamentos-online/,Other fintech education,Sitemap URL path; not measured search queries or rankings
www.celcoin.com.br,https://www.celcoin.com.br/news/guia-completo-sobre-gestao-de-carteira-e-cobranca/,Pix collection and QR code,Sitemap URL path; not measured search queries or rankings
www.celcoin.com.br,https://www.celcoin.com.br/news/guia-completo-sobre-open-finance/,Other fintech education,Sitemap URL path; not measured search queries or rankings
www.celcoin.com.br,https://www.celcoin.com.br/news/guia-completo-sobre-sistema-de-cobranca-recorrente/,Pix collection and QR code; Automatic or recurring Pix,Sitemap URL path; not measured search queries or rankings
www.celcoin.com.br,https://www.celcoin.com.br/news/habitos-financeiros-saudaveis/,Other fintech education,Sitemap URL path; not measured search queries or rankings
www.celcoin.com.br,https://www.celcoin.com.br/news/hiperpersonalizacao-de-servicos-financeiros/,"POS, NFC and ready-made connectors; Other fintech education",Sitemap URL path; not measured search queries or rankings
www.celcoin.com.br,https://www.celcoin.com.br/news/hiperpersonalizacao-open-banking/,"POS, NFC and ready-made connectors; Other fintech education",Sitemap URL path; not measured search queries or rankings
www.celcoin.com.br,https://www.celcoin.com.br/news/ia-gera-oportunidades-em-pagamentos-digitais/,Other fintech education,Sitemap URL path; not measured search queries or rankings
www.celcoin.com.br,https://www.celcoin.com.br/news/ia-nos-servicos-financeiros/,Other fintech education,Sitemap URL path; not measured search queries or rankings
www.celcoin.com.br,https://www.celcoin.com.br/news/impacto-do-open-banking/,Other fintech education,Sitemap URL path; not measured search queries or rankings
www.celcoin.com.br,https://www.celcoin.com.br/news/impacto-dos-servicos-financeiros-nos-supermercados/,Other fintech education,Sitemap URL path; not measured search queries or rankings
www.celcoin.com.br,https://www.celcoin.com.br/news/imposto-de-renda-2023-pix/,Pix for businesses,Sitemap URL path; not measured search queries or rankings
www.celcoin.com.br,https://www.celcoin.com.br/news/impulsionar-negocio-recorrencia-autosservico/,Automatic or recurring Pix,Sitemap URL path; not measured search queries or rankings
www.celcoin.com.br,https://www.celcoin.com.br/news/industria-financeira-lidera-transformacao-digital/,Other fintech education,Sitemap URL path; not measured search queries or rankings
www.celcoin.com.br,https://www.celcoin.com.br/news/infraestrutura-de-pagamentos/,Other fintech education,Sitemap URL path; not measured search queries or rankings
www.celcoin.com.br,https://www.celcoin.com.br/news/infraestrutura-financeira-e-concessao-de-credito/,"Banking as a Service and embedded finance; Credit, installment plans and receivables; Other fintech education",Sitemap URL path; not measured search queries or rankings
www.celcoin.com.br,https://www.celcoin.com.br/news/infraestrutura-financeira-no-credito-do-trabalhador/,"Banking as a Service and embedded finance; Credit, installment plans and receivables; Other fintech education",Sitemap URL path; not measured search queries or rankings
www.celcoin.com.br,https://www.celcoin.com.br/news/infraestrutura-financeira-para-o-mercado-de-capitais/,Banking as a Service and embedded finance; Other fintech education,Sitemap URL path; not measured search queries or rankings
www.celcoin.com.br,https://www.celcoin.com.br/news/infraestrutura-financeira-para-varejo/,Banking as a Service and embedded finance; Other fintech education,Sitemap URL path; not measured search queries or rankings
www.celcoin.com.br,https://www.celcoin.com.br/news/infraestrutura-financeira/,Banking as a Service and embedded finance; Other fintech education,Sitemap URL path; not measured search queries or rankings
www.celcoin.com.br,https://www.celcoin.com.br/news/infraestrutura-no-open-banking/,Other fintech education,Sitemap URL path; not measured search queries or rankings
www.celcoin.com.br,https://www.celcoin.com.br/news/iniciacao-de-cartoes-no-open-finance/,Other fintech education,Sitemap URL path; not measured search queries or rankings
www.celcoin.com.br,https://www.celcoin.com.br/news/iniciacao-pagamentos-pix-fase-final-open-banking/,Pix for businesses; Other fintech education,Sitemap URL path; not measured search queries or rankings
www.celcoin.com.br,https://www.celcoin.com.br/news/iniciador-de-pagamentos/,Other fintech education,Sitemap URL path; not measured search queries or rankings
www.celcoin.com.br,https://www.celcoin.com.br/news/iniciador-de-transacao-de-pagamento-casos-de-uso/,Other fintech education,Sitemap URL path; not measured search queries or rankings
www.celcoin.com.br,https://www.celcoin.com.br/news/iniciadores-de-pagamento-aumentam-atuacao-em-2022/,Other fintech education,Sitemap URL path; not measured search queries or rankings
www.celcoin.com.br,https://www.celcoin.com.br/news/iniciadores-de-pagamento-simplificam-compras-online/,Other fintech education,Sitemap URL path; not measured search queries or rankings
www.celcoin.com.br,https://www.celcoin.com.br/news/inovacao-humanizada-e-apis-entre-equipes/,,Sitemap URL path; not measured search queries or rankings
www.celcoin.com.br,https://www.celcoin.com.br/news/inovacoes-no-setor-financeiro/,Other fintech education,Sitemap URL path; not measured search queries or rankings
www.celcoin.com.br,https://www.celcoin.com.br/news/instant-cross-border-payments/,Other fintech education,Sitemap URL path; not measured search queries or rankings
www.celcoin.com.br,https://www.celcoin.com.br/news/instituicao-de-pagamento/,Other fintech education,Sitemap URL path; not measured search queries or rankings
www.celcoin.com.br,https://www.celcoin.com.br/news/integracao-bancaria-para-o-mercado-de-capitais/,,Sitemap URL path; not measured search queries or rankings
www.celcoin.com.br,https://www.celcoin.com.br/news/integracao-das-etapas-de-credito-em-empresas-nao-financeiras/,"Credit, installment plans and receivables; Other fintech education",Sitemap URL path; not measured search queries or rankings
www.celcoin.com.br,https://www.celcoin.com.br/news/integracao-de-apis-de-credito/,"Credit, installment plans and receivables",Sitemap URL path; not measured search queries or rankings
www.celcoin.com.br,https://www.celcoin.com.br/news/integracao-de-apis-de-pagamento-para-lojas-online/,Other fintech education,Sitemap URL path; not measured search queries or rankings
www.celcoin.com.br,https://www.celcoin.com.br/news/integracao-de-pagamento-a-erps-como-fazer/,"POS, NFC and ready-made connectors; Other fintech education",Sitemap URL path; not measured search queries or rankings
www.celcoin.com.br,https://www.celcoin.com.br/news/integracao-pix-open-finance-real-digital/,Pix for businesses; Other fintech education,Sitemap URL path; not measured search queries or rankings
www.celcoin.com.br,https://www.celcoin.com.br/news/integracao-sindis-ao-galax-pay-garante-gestao-financeira-eficiente/,Other fintech education,Sitemap URL path; not measured search queries or rankings
www.celcoin.com.br,https://www.celcoin.com.br/news/integracoes-do-embedded-finance/,Banking as a Service and embedded finance; Other fintech education,Sitemap URL path; not measured search queries or rankings
www.celcoin.com.br,https://www.celcoin.com.br/news/integre-pagamentos-gratuitamente-com-a-magento/,"POS, NFC and ready-made connectors; Other fintech education",Sitemap URL path; not measured search queries or rankings
www.celcoin.com.br,https://www.celcoin.com.br/news/inteligencia-artificial-open-finance-febraban/,Other fintech education,Sitemap URL path; not measured search queries or rankings
www.celcoin.com.br,https://www.celcoin.com.br/news/inteligencia-financeira-o-que-e-como-uma-contabilidade-consultiva-pode-ajudar-a-sua-empresa/,Other fintech education,Sitemap URL path; not measured search queries or rankings
www.celcoin.com.br,https://www.celcoin.com.br/news/intermediador-de-pagamento/,Other fintech education,Sitemap URL path; not measured search queries or rankings
www.celcoin.com.br,https://www.celcoin.com.br/news/jornada-sem-redirecionamento-revoluciona-meios-de-pagamentos/,Other fintech education,Sitemap URL path; not measured search queries or rankings
www.celcoin.com.br,https://www.celcoin.com.br/news/kaizen-setor-financeiro/,Other fintech education,Sitemap URL path; not measured search queries or rankings
www.celcoin.com.br,https://www.celcoin.com.br/news/lancamento-api-debito-veicular/,,Sitemap URL path; not measured search queries or rankings
www.celcoin.com.br,https://www.celcoin.com.br/news/lgdp-saiba-o-que-fazer-em-tempos-de-open-finance/,Other fintech education,Sitemap URL path; not measured search queries or rankings
www.celcoin.com.br,https://www.celcoin.com.br/news/marco-regulatorio-baas/,Banking as a Service and embedded finance,Sitemap URL path; not measured search queries or rankings
www.celcoin.com.br,https://www.celcoin.com.br/news/medidas-seguranca-pix/,Pix for businesses,Sitemap URL path; not measured search queries or rankings
www.celcoin.com.br,https://www.celcoin.com.br/news/meios-de-pagamento/,Other fintech education,Sitemap URL path; not measured search queries or rankings
www.celcoin.com.br,https://www.celcoin.com.br/news/meios-eletronicos-pagamento/,Other fintech education,Sitemap URL path; not measured search queries or rankings
www.celcoin.com.br,https://www.celcoin.com.br/news/melhore-a-gestao-de-sua-empresa-atraves-da-recorrencia/,Automatic or recurring Pix,Sitemap URL path; not measured search queries or rankings
www.celcoin.com.br,https://www.celcoin.com.br/news/melhores-meios-de-pagamentos-para-empresas/,Other fintech education,Sitemap URL path; not measured search queries or rankings
www.celcoin.com.br,https://www.celcoin.com.br/news/mercado-de-capitais-bate-recorde-em-movimentacao/,,Sitemap URL path; not measured search queries or rankings
www.celcoin.com.br,https://www.celcoin.com.br/news/mercado-de-capitais-fidcs-e-notas-comerciais-em-alta/,,Sitemap URL path; not measured search queries or rankings
www.celcoin.com.br,https://www.celcoin.com.br/news/mercado-de-payments-payment-as-a-service-em-foco/,Other fintech education,Sitemap URL path; not measured search queries or rankings
www.celcoin.com.br,https://www.celcoin.com.br/news/mercado-digital-e-open-banking/,Other fintech education,Sitemap URL path; not measured search queries or rankings
www.celcoin.com.br,https://www.celcoin.com.br/news/metaverso-mercado-financeiro/,Other fintech education,Sitemap URL path; not measured search queries or rankings
www.celcoin.com.br,https://www.celcoin.com.br/news/microempresas-e-popularizacao-pix/,Pix for businesses,Sitemap URL path; not measured search queries or rankings
www.celcoin.com.br,https://www.celcoin.com.br/news/modelos-de-negocio-recorrente/,Automatic or recurring Pix,Sitemap URL path; not measured search queries or rankings
www.celcoin.com.br,https://www.celcoin.com.br/news/motor-de-inovacao-open-finance/,Other fintech education,Sitemap URL path; not measured search queries or rankings
www.celcoin.com.br,https://www.celcoin.com.br/news/motor-de-recorrencia/,Automatic or recurring Pix,Sitemap URL path; not measured search queries or rankings
www.celcoin.com.br,https://www.celcoin.com.br/news/nova-api-debito-veicular-celcoin/,,Sitemap URL path; not measured search queries or rankings
www.celcoin.com.br,https://www.celcoin.com.br/news/nova-era-global-dos-pagamentos/,Other fintech education,Sitemap URL path; not measured search queries or rankings
www.celcoin.com.br,https://www.celcoin.com.br/news/novas-cobrancas-via-boleto/,Pix collection and QR code; Boleto and Bolepix,Sitemap URL path; not measured search queries or rankings
www.celcoin.com.br,https://www.celcoin.com.br/news/novas-solucoes-baas-ted-pix-multiplas-contas/,Pix for businesses; Banking as a Service and embedded finance,Sitemap URL path; not measured search queries or rankings
www.celcoin.com.br,https://www.celcoin.com.br/news/novidades-integradas-ao-open-finance/,Other fintech education,Sitemap URL path; not measured search queries or rankings
www.celcoin.com.br,https://www.celcoin.com.br/news/novidades-pix-2022/,Pix for businesses,Sitemap URL path; not measured search queries or rankings
www.celcoin.com.br,https://www.celcoin.com.br/news/novo-manual-do-bc-para-o-open-finance/,Other fintech education,Sitemap URL path; not measured search queries or rankings
www.celcoin.com.br,https://www.celcoin.com.br/news/novo-mecanismo-especial-de-devolucao-do-pix/,Pix for businesses,Sitemap URL path; not measured search queries or rankings
www.celcoin.com.br,https://www.celcoin.com.br/news/novo-recorde-pix/,Pix for businesses,Sitemap URL path; not measured search queries or rankings
www.celcoin.com.br,https://www.celcoin.com.br/news/novos-casos-de-uso-com-open-finance/,Other fintech education,Sitemap URL path; not measured search queries or rankings
www.celcoin.com.br,https://www.celcoin.com.br/news/novos-desafios-do-open-finance/,Other fintech education,Sitemap URL path; not measured search queries or rankings
www.celcoin.com.br,https://www.celcoin.com.br/news/o-cenario-do-embedded-finance-no-brasil/,Banking as a Service and embedded finance; Other fintech education,Sitemap URL path; not measured search queries or rankings
www.celcoin.com.br,https://www.celcoin.com.br/news/o-cenario-do-open-banking-no-brasil/,Other fintech education,Sitemap URL path; not measured search queries or rankings
www.celcoin.com.br,https://www.celcoin.com.br/news/o-pix-esta-evoluindo/,Pix for businesses,Sitemap URL path; not measured search queries or rankings
www.celcoin.com.br,https://www.celcoin.com.br/news/o-que-considerar-ao-escolher-um-gateway-de-pagamento/,Other fintech education,Sitemap URL path; not measured search queries or rankings
www.celcoin.com.br,https://www.celcoin.com.br/news/o-que-considerar-ao-escolher-uma-plataforma-para-receber-recorrencia/,Automatic or recurring Pix,Sitemap URL path; not measured search queries or rankings
www.celcoin.com.br,https://www.celcoin.com.br/news/o-que-e-baas-banking-as-a-service/,Banking as a Service and embedded finance; Other fintech education,Sitemap URL path; not measured search queries or rankings
www.celcoin.com.br,https://www.celcoin.com.br/news/o-que-e-cobranca-recorrente/,Pix collection and QR code; Automatic or recurring Pix,Sitemap URL path; not measured search queries or rankings
www.celcoin.com.br,https://www.celcoin.com.br/news/o-que-e-e-como-funciona-receber-pagamentos-online/,Other fintech education,Sitemap URL path; not measured search queries or rankings
www.celcoin.com.br,https://www.celcoin.com.br/news/o-que-e-embedded-finance/,Banking as a Service and embedded finance; Other fintech education,Sitemap URL path; not measured search queries or rankings
www.celcoin.com.br,https://www.celcoin.com.br/news/o-que-e-endofinance/,Other fintech education,Sitemap URL path; not measured search queries or rankings
www.celcoin.com.br,https://www.celcoin.com.br/news/o-que-e-link-de-pagamento-e-como-gerar-um/,Other fintech education,Sitemap URL path; not measured search queries or rankings
www.celcoin.com.br,https://www.celcoin.com.br/news/o-que-e-open-finance-api/,Other fintech education,Sitemap URL path; not measured search queries or rankings
www.celcoin.com.br,https://www.celcoin.com.br/news/o-que-e-open-finance/,Other fintech education,Sitemap URL path; not measured search queries or rankings
www.celcoin.com.br,https://www.celcoin.com.br/news/o-que-e-pagamento-instantaneo-pix/,Pix for businesses; Other fintech education,Sitemap URL path; not measured search queries or rankings
www.celcoin.com.br,https://www.celcoin.com.br/news/o-que-e-pagamento-recorrente/,Automatic or recurring Pix; Other fintech education,Sitemap URL path; not measured search queries or rankings
www.celcoin.com.br,https://www.celcoin.com.br/news/o-que-e-split-de-pagamento/,Split payments; Other fintech education,Sitemap URL path; not measured search queries or rankings
www.celcoin.com.br,https://www.celcoin.com.br/news/o-que-e-um-orquestrador-de-pagamentos/,Other fintech education,Sitemap URL path; not measured search queries or rankings
www.celcoin.com.br,https://www.celcoin.com.br/news/o-que-e-um-sistema-de-cobranca-recorrente-e-como-funciona/,Pix collection and QR code; Automatic or recurring Pix,Sitemap URL path; not measured search queries or rankings
www.celcoin.com.br,https://www.celcoin.com.br/news/o-que-e-uma-api-de-boletos/,Boleto and Bolepix,Sitemap URL path; not measured search queries or rankings
www.celcoin.com.br,https://www.celcoin.com.br/news/o-que-e-uma-api-quais-sistemas-podem-usar-essa-ferramenta/,,Sitemap URL path; not measured search queries or rankings
www.celcoin.com.br,https://www.celcoin.com.br/news/o-que-sao-produtos-financeiros/,Other fintech education,Sitemap URL path; not measured search queries or rankings
www.celcoin.com.br,https://www.celcoin.com.br/news/o-que-voce-precisa-saber-sobre-gateway-de-pagamento/,Other fintech education,Sitemap URL path; not measured search queries or rankings
www.celcoin.com.br,https://www.celcoin.com.br/news/o-sucesso-do-pagamento-recorrente/,Automatic or recurring Pix; Other fintech education,Sitemap URL path; not measured search queries or rankings
www.celcoin.com.br,https://www.celcoin.com.br/news/onde-gerar-link-de-pagamento/,Other fintech education,Sitemap URL path; not measured search queries or rankings
www.celcoin.com.br,https://www.celcoin.com.br/news/open-baas-celcoin/,Banking as a Service and embedded finance,Sitemap URL path; not measured search queries or rankings
www.celcoin.com.br,https://www.celcoin.com.br/news/open-banking-1-ano/,Other fintech education,Sitemap URL path; not measured search queries or rankings
www.celcoin.com.br,https://www.celcoin.com.br/news/open-banking-2a-fase-compartilhamento-de-dados-e-transacoes/,Other fintech education,Sitemap URL path; not measured search queries or rankings
www.celcoin.com.br,https://www.celcoin.com.br/news/open-banking-ao-open-finance/,Other fintech education,Sitemap URL path; not measured search queries or rankings
www.celcoin.com.br,https://www.celcoin.com.br/news/open-banking-completa-dois-anos-de-implementacao-no-brasil/,Other fintech education,Sitemap URL path; not measured search queries or rankings
www.celcoin.com.br,https://www.celcoin.com.br/news/open-banking-e-a-nova-experiencia-do-cliente/,Other fintech education,Sitemap URL path; not measured search queries or rankings
www.celcoin.com.br,https://www.celcoin.com.br/news/open-banking-e-cliente-final/,Other fintech education,Sitemap URL path; not measured search queries or rankings
www.celcoin.com.br,https://www.celcoin.com.br/news/open-banking-e-credito/,"Credit, installment plans and receivables; Other fintech education",Sitemap URL path; not measured search queries or rankings
www.celcoin.com.br,https://www.celcoin.com.br/news/open-banking-e-investidores/,Other fintech education,Sitemap URL path; not measured search queries or rankings
www.celcoin.com.br,https://www.celcoin.com.br/news/open-banking-e-pmes/,Other fintech education,Sitemap URL path; not measured search queries or rankings
www.celcoin.com.br,https://www.celcoin.com.br/news/open-banking-e-renda-familiar/,Other fintech education,Sitemap URL path; not measured search queries or rankings
www.celcoin.com.br,https://www.celcoin.com.br/news/open-banking-e-seguranca-de-dados/,Other fintech education,Sitemap URL path; not measured search queries or rankings
www.celcoin.com.br,https://www.celcoin.com.br/news/open-banking-fase-4/,Other fintech education,Sitemap URL path; not measured search queries or rankings
www.celcoin.com.br,https://www.celcoin.com.br/news/open-banking-fase-pix/,Pix for businesses; Other fintech education,Sitemap URL path; not measured search queries or rankings
www.celcoin.com.br,https://www.celcoin.com.br/news/open-banking-mundial-ultrapassara-us-9-bilhoes-em-2022/,Other fintech education,Sitemap URL path; not measured search queries or rankings
www.celcoin.com.br,https://www.celcoin.com.br/news/open-banking-pesquisa-axway/,Other fintech education,Sitemap URL path; not measured search queries or rankings
www.celcoin.com.br,https://www.celcoin.com.br/news/open-banking-pix-simplificara-vendas-virtuais/,Pix for businesses; Other fintech education,Sitemap URL path; not measured search queries or rankings
www.celcoin.com.br,https://www.celcoin.com.br/news/open-data-e-open-finance/,Other fintech education,Sitemap URL path; not measured search queries or rankings
www.celcoin.com.br,https://www.celcoin.com.br/news/open-finance-agora-permite-marketplaces-de-credito/,"Credit, installment plans and receivables; Other fintech education",Sitemap URL path; not measured search queries or rankings
www.celcoin.com.br,https://www.celcoin.com.br/news/open-finance-alcanca-27-bilhoes-de-chamadas-de-apis/,Other fintech education,Sitemap URL path; not measured search queries or rankings
www.celcoin.com.br,https://www.celcoin.com.br/news/open-finance-alem-do-setor-financeiro/,Other fintech education,Sitemap URL path; not measured search queries or rankings
www.celcoin.com.br,https://www.celcoin.com.br/news/open-finance-america-latina/,Other fintech education,Sitemap URL path; not measured search queries or rankings
www.celcoin.com.br,https://www.celcoin.com.br/news/open-finance-api/,Other fintech education,Sitemap URL path; not measured search queries or rankings
www.celcoin.com.br,https://www.celcoin.com.br/news/open-finance-aquece-a-competitividade-para-concessao-de-credito/,"Credit, installment plans and receivables; Other fintech education",Sitemap URL path; not measured search queries or rankings
www.celcoin.com.br,https://www.celcoin.com.br/news/open-finance-aumenta-investimentos-em-software-no-setor-bancario/,Other fintech education,Sitemap URL path; not measured search queries or rankings
www.celcoin.com.br,https://www.celcoin.com.br/news/open-finance-avanca-resolvendo-dores-de-bancos-e-fintechs/,Other fintech education,Sitemap URL path; not measured search queries or rankings
www.celcoin.com.br,https://www.celcoin.com.br/news/open-finance-chega-a-62-milhoes-de-consentimentos/,Other fintech education,Sitemap URL path; not measured search queries or rankings
www.celcoin.com.br,https://www.celcoin.com.br/news/open-finance-chega-a-65-milhoes-de-contas-conectadas/,Other fintech education,Sitemap URL path; not measured search queries or rankings
www.celcoin.com.br,https://www.celcoin.com.br/news/open-finance-completa-3-anos/,Other fintech education,Sitemap URL path; not measured search queries or rankings
www.celcoin.com.br,https://www.celcoin.com.br/news/open-finance-completa-4-anos-no-brasil/,Other fintech education,Sitemap URL path; not measured search queries or rankings
www.celcoin.com.br,https://www.celcoin.com.br/news/open-finance-conviso-seguranca/,Other fintech education,Sitemap URL path; not measured search queries or rankings
www.celcoin.com.br,https://www.celcoin.com.br/news/open-finance-credito-rural/,"Credit, installment plans and receivables; Other fintech education",Sitemap URL path; not measured search queries or rankings
www.celcoin.com.br,https://www.celcoin.com.br/news/open-finance-cria-oportunidades-de-crescimento/,Other fintech education,Sitemap URL path; not measured search queries or rankings
www.celcoin.com.br,https://www.celcoin.com.br/news/open-finance-da-celcoin-conquista-fapi-2-0/,Other fintech education,Sitemap URL path; not measured search queries or rankings
www.celcoin.com.br,https://www.celcoin.com.br/news/open-finance-democratiza-acesso/,Other fintech education,Sitemap URL path; not measured search queries or rankings
www.celcoin.com.br,https://www.celcoin.com.br/news/open-finance-e-chamadas-de-apis-avancam/,Other fintech education,Sitemap URL path; not measured search queries or rankings
www.celcoin.com.br,https://www.celcoin.com.br/news/open-finance-e-os-pagamentos-por-aproximacao-via-pix/,"Pix for businesses; POS, NFC and ready-made connectors; Other fintech education",Sitemap URL path; not measured search queries or rankings
www.celcoin.com.br,https://www.celcoin.com.br/news/open-finance-e-pix-por-aproximacao/,"Pix for businesses; POS, NFC and ready-made connectors; Other fintech education",Sitemap URL path; not measured search queries or rankings
www.celcoin.com.br,https://www.celcoin.com.br/news/open-finance-e-superaplicativos/,Other fintech education,Sitemap URL path; not measured search queries or rankings
www.celcoin.com.br,https://www.celcoin.com.br/news/open-finance-entra-na-etapa-final/,Other fintech education,Sitemap URL path; not measured search queries or rankings
www.celcoin.com.br,https://www.celcoin.com.br/news/open-finance-expansao-da-capacidade-de-credito/,"Credit, installment plans and receivables; Other fintech education",Sitemap URL path; not measured search queries or rankings
www.celcoin.com.br,https://www.celcoin.com.br/news/open-finance-fase-4/,Other fintech education,Sitemap URL path; not measured search queries or rankings
www.celcoin.com.br,https://www.celcoin.com.br/news/open-finance-in-brazil-febraban-tech-2023/,Other fintech education,Sitemap URL path; not measured search queries or rankings
www.celcoin.com.br,https://www.celcoin.com.br/news/open-finance-na-portabilidade-de-credito-sem-garantia/,"Credit, installment plans and receivables; Other fintech education",Sitemap URL path; not measured search queries or rankings
www.celcoin.com.br,https://www.celcoin.com.br/news/open-finance-no-brasil-torna-referencia-global/,Other fintech education,Sitemap URL path; not measured search queries or rankings
www.celcoin.com.br,https://www.celcoin.com.br/news/open-finance-no-mercado-de-credito/,"Credit, installment plans and receivables; Other fintech education",Sitemap URL path; not measured search queries or rankings
www.celcoin.com.br,https://www.celcoin.com.br/news/open-finance-report-2023/,Other fintech education,Sitemap URL path; not measured search queries or rankings
www.celcoin.com.br,https://www.celcoin.com.br/news/open-finance-tem-novos-prazos-de-consentimento-e-renovacoes/,Other fintech education,Sitemap URL path; not measured search queries or rankings
www.celcoin.com.br,https://www.celcoin.com.br/news/open-finance-vale-a-pena/,Other fintech education,Sitemap URL path; not measured search queries or rankings
www.celcoin.com.br,https://www.celcoin.com.br/news/open-insurance-inaugura-mais-uma-nova-etapa-do-open-finance-no-brasil/,Other fintech education,Sitemap URL path; not measured search queries or rankings
www.celcoin.com.br,https://www.celcoin.com.br/news/operacoes-cambio-open-banking/,Other fintech education,Sitemap URL path; not measured search queries or rankings
www.celcoin.com.br,https://www.celcoin.com.br/news/ordem-de-pagamento/,Other fintech education,Sitemap URL path; not measured search queries or rankings
www.celcoin.com.br,https://www.celcoin.com.br/news/organizar-seu-planejamento-financeiro-pessoal/,Other fintech education,Sitemap URL path; not measured search queries or rankings
www.celcoin.com.br,https://www.celcoin.com.br/news/pagamento-atrasado/,Other fintech education,Sitemap URL path; not measured search queries or rankings
www.celcoin.com.br,https://www.celcoin.com.br/news/pagamento-cartao-credito-barbearias/,"Credit, installment plans and receivables; Other fintech education",Sitemap URL path; not measured search queries or rankings
www.celcoin.com.br,https://www.celcoin.com.br/news/pagamento-instantaneo-ganha-popularidade-no-varejo/,Other fintech education,Sitemap URL path; not measured search queries or rankings
www.celcoin.com.br,https://www.celcoin.com.br/news/pagamento-mensal/,Other fintech education,Sitemap URL path; not measured search queries or rankings
www.celcoin.com.br,https://www.celcoin.com.br/news/pagamento-por-aproximacao/,"POS, NFC and ready-made connectors; Other fintech education",Sitemap URL path; not measured search queries or rankings
www.celcoin.com.br,https://www.celcoin.com.br/news/pagamento-por-biometria-e-reconhecimento-facial/,Other fintech education,Sitemap URL path; not measured search queries or rankings
www.celcoin.com.br,https://www.celcoin.com.br/news/pagamento-recorrente-3-motivos-para-comecar-a-usar-no-seu-negocio/,Automatic or recurring Pix; Other fintech education,Sitemap URL path; not measured search queries or rankings
www.celcoin.com.br,https://www.celcoin.com.br/news/pagamento-recorrente-a-inovacao-para-receber-pagamento-por-cartao-de-credito/,"Automatic or recurring Pix; Credit, installment plans and receivables; Other fintech education",Sitemap URL path; not measured search queries or rankings
www.celcoin.com.br,https://www.celcoin.com.br/news/pagamento-recorrente-ajuda-na-retencao-dos-clientes-de-minha-empresa/,Automatic or recurring Pix; Other fintech education,Sitemap URL path; not measured search queries or rankings
www.celcoin.com.br,https://www.celcoin.com.br/news/pagamento-recorrente-com-pix-como-receber/,Pix for businesses; Automatic or recurring Pix; Other fintech education,Sitemap URL path; not measured search queries or rankings
www.celcoin.com.br,https://www.celcoin.com.br/news/pagamento-recorrente-com-pix-para-academias/,Pix for businesses; Automatic or recurring Pix; Other fintech education,Sitemap URL path; not measured search queries or rankings
www.celcoin.com.br,https://www.celcoin.com.br/news/pagamento-recorrente-com-pix-pode-ser-o-diferencial-do-seu-e-commerce/,Pix for businesses; Automatic or recurring Pix; Other fintech education,Sitemap URL path; not measured search queries or rankings
www.celcoin.com.br,https://www.celcoin.com.br/news/pagamento-recorrente-o-que-e-e-quais-suas-vantagens-para-pequenos-negocios/,Automatic or recurring Pix; Other fintech education,Sitemap URL path; not measured search queries or rankings
www.celcoin.com.br,https://www.celcoin.com.br/news/pagamento-recorrente-para-academias/,Automatic or recurring Pix; Other fintech education,Sitemap URL path; not measured search queries or rankings
www.celcoin.com.br,https://www.celcoin.com.br/news/pagamento-recorrente-para-barbearias/,Automatic or recurring Pix; Other fintech education,Sitemap URL path; not measured search queries or rankings
www.celcoin.com.br,https://www.celcoin.com.br/news/pagamento-recorrente-para-clube-de-assinaturas/,Automatic or recurring Pix; Other fintech education,Sitemap URL path; not measured search queries or rankings
www.celcoin.com.br,https://www.celcoin.com.br/news/pagamento-recorrente-para-clubes-de-lazer/,Automatic or recurring Pix; Other fintech education,Sitemap URL path; not measured search queries or rankings
www.celcoin.com.br,https://www.celcoin.com.br/news/pagamento-recorrente-para-cobranca-de-planos-em-clinicas-odontologicas/,Pix collection and QR code; Automatic or recurring Pix; Other fintech education,Sitemap URL path; not measured search queries or rankings
www.celcoin.com.br,https://www.celcoin.com.br/news/pagamento-recorrente-para-escola-de-idiomas/,Automatic or recurring Pix; Other fintech education,Sitemap URL path; not measured search queries or rankings
www.celcoin.com.br,https://www.celcoin.com.br/news/pagamento-recorrente-para-escolas/,Automatic or recurring Pix; Other fintech education,Sitemap URL path; not measured search queries or rankings
www.celcoin.com.br,https://www.celcoin.com.br/news/pagamento-recorrente-uma-estrategia-para-fidelizar-seus-clientes/,Automatic or recurring Pix; Other fintech education,Sitemap URL path; not measured search queries or rankings
www.celcoin.com.br,https://www.celcoin.com.br/news/pagamento-recorrente-via-pix/,Pix for businesses; Automatic or recurring Pix; Other fintech education,Sitemap URL path; not measured search queries or rankings
www.celcoin.com.br,https://www.celcoin.com.br/news/pagamento-recorrente/,Automatic or recurring Pix; Other fintech education,Sitemap URL path; not measured search queries or rankings
www.celcoin.com.br,https://www.celcoin.com.br/news/pagamentos-b2b/,Other fintech education,Sitemap URL path; not measured search queries or rankings
www.celcoin.com.br,https://www.celcoin.com.br/news/pagamentos-transfronteiricos-instantaneos-pix/,Pix for businesses; Other fintech education,Sitemap URL path; not measured search queries or rankings
www.celcoin.com.br,https://www.celcoin.com.br/news/pago-e-celcoin-uma-parceria-que-revolucionou-a-automacao-de-pagamentos-no-setor-agricola/,Other fintech education,Sitemap URL path; not measured search queries or rankings
www.celcoin.com.br,https://www.celcoin.com.br/news/para-crescer-fintechs-optam-por-capital-proprio/,,Sitemap URL path; not measured search queries or rankings
www.celcoin.com.br,https://www.celcoin.com.br/news/para-que-serve-um-gateway-de-pagamento-e-como-ele-funciona/,Other fintech education,Sitemap URL path; not measured search queries or rankings
www.celcoin.com.br,https://www.celcoin.com.br/news/para-quem-funciona-o-pagamento-recorrente/,Automatic or recurring Pix; Other fintech education,Sitemap URL path; not measured search queries or rankings
www.celcoin.com.br,https://www.celcoin.com.br/news/parceiros-de-infraestrutura-financeira/,Banking as a Service and embedded finance; Other fintech education,Sitemap URL path; not measured search queries or rankings
www.celcoin.com.br,https://www.celcoin.com.br/news/parcelamento-via-pix-e-regras-do-banco-central/,"Pix for businesses; Credit, installment plans and receivables",Sitemap URL path; not measured search queries or rankings
www.celcoin.com.br,https://www.celcoin.com.br/news/payment-as-a-service-e-antifraude-no-e-commerce/,Other fintech education,Sitemap URL path; not measured search queries or rankings
www.celcoin.com.br,https://www.celcoin.com.br/news/payments-futuro-das-transacoes-financeiras/,Other fintech education,Sitemap URL path; not measured search queries or rankings
www.celcoin.com.br,https://www.celcoin.com.br/news/pdv-white-label/,Neobank and white label,Sitemap URL path; not measured search queries or rankings
www.celcoin.com.br,https://www.celcoin.com.br/news/perfil-dos-usuarios-do-pix/,Pix for businesses,Sitemap URL path; not measured search queries or rankings
www.celcoin.com.br,https://www.celcoin.com.br/news/pesquisa-celcoin-servicos-financeiros-no-varejo/,Other fintech education,Sitemap URL path; not measured search queries or rankings
www.celcoin.com.br,https://www.celcoin.com.br/news/pesquisa-febraban-2023-open-finance/,Other fintech education,Sitemap URL path; not measured search queries or rankings
www.celcoin.com.br,https://www.celcoin.com.br/news/pesquisa-febraban-destaca-mobile-banking-e-pix/,Pix for businesses; Other fintech education,Sitemap URL path; not measured search queries or rankings
www.celcoin.com.br,https://www.celcoin.com.br/news/pesquisa-open-banking-febraban/,Other fintech education,Sitemap URL path; not measured search queries or rankings
www.celcoin.com.br,https://www.celcoin.com.br/news/pesquisa-revela-alta-adocao-meios-eletronicos-pagamentos/,Other fintech education,Sitemap URL path; not measured search queries or rankings
www.celcoin.com.br,https://www.celcoin.com.br/news/pesquisa-tecnologia-open-banking/,Other fintech education,Sitemap URL path; not measured search queries or rankings
www.celcoin.com.br,https://www.celcoin.com.br/news/pix-automatico-anuncia-fase-de-testes/,Pix for businesses; Automatic or recurring Pix,Sitemap URL path; not measured search queries or rankings
www.celcoin.com.br,https://www.celcoin.com.br/news/pix-automatico-chega-em-junho/,Pix for businesses; Automatic or recurring Pix,Sitemap URL path; not measured search queries or rankings
www.celcoin.com.br,https://www.celcoin.com.br/news/pix-automatico-consolida-nova-fase-dos-pagamentos-recorrentes/,Pix for businesses; Automatic or recurring Pix; Other fintech education,Sitemap URL path; not measured search queries or rankings
www.celcoin.com.br,https://www.celcoin.com.br/news/pix-automatico-em-debitos-interbancarios/,Pix for businesses; Automatic or recurring Pix,Sitemap URL path; not measured search queries or rankings
www.celcoin.com.br,https://www.celcoin.com.br/news/pix-automatico-em-outubro-de-2024/,Pix for businesses; Automatic or recurring Pix,Sitemap URL path; not measured search queries or rankings
www.celcoin.com.br,https://www.celcoin.com.br/news/pix-automatico-o-crescimento-dos-pagamentos-recorrentes/,Pix for businesses; Automatic or recurring Pix; Other fintech education,Sitemap URL path; not measured search queries or rankings
www.celcoin.com.br,https://www.celcoin.com.br/news/pix-automatico-para-2023/,Pix for businesses; Automatic or recurring Pix,Sitemap URL path; not measured search queries or rankings
www.celcoin.com.br,https://www.celcoin.com.br/news/pix-automatico-revoluciona-os-pagamentos-recorrentes/,Pix for businesses; Automatic or recurring Pix; Other fintech education,Sitemap URL path; not measured search queries or rankings
www.celcoin.com.br,https://www.celcoin.com.br/news/pix-automatico/,Pix for businesses; Automatic or recurring Pix,Sitemap URL path; not measured search queries or rankings
www.celcoin.com.br,https://www.celcoin.com.br/news/pix-bate-novo-recorde/,Pix for businesses,Sitemap URL path; not measured search queries or rankings
www.celcoin.com.br,https://www.celcoin.com.br/news/pix-bloqueio-cautelar-e-mecanismo-especial-de-devolucao/,Pix for businesses,Sitemap URL path; not measured search queries or rankings
www.celcoin.com.br,https://www.celcoin.com.br/news/pix-como-garantia-de-emprestimos/,Pix for businesses,Sitemap URL path; not measured search queries or rankings
www.celcoin.com.br,https://www.celcoin.com.br/news/pix-como-garantia-e-pagamento-por-biometria/,Pix for businesses; Other fintech education,Sitemap URL path; not measured search queries or rankings
www.celcoin.com.br,https://www.celcoin.com.br/news/pix-como-infraestrutura/,Pix for businesses,Sitemap URL path; not measured search queries or rankings
www.celcoin.com.br,https://www.celcoin.com.br/news/pix-completa-1-ano/,Pix for businesses,Sitemap URL path; not measured search queries or rankings
www.celcoin.com.br,https://www.celcoin.com.br/news/pix-completa-quatro-anos/,Pix for businesses,Sitemap URL path; not measured search queries or rankings
www.celcoin.com.br,https://www.celcoin.com.br/news/pix-completa-tres-anos/,Pix for businesses,Sitemap URL path; not measured search queries or rankings
www.celcoin.com.br,https://www.celcoin.com.br/news/pix-deixa-para-tras-cartoes-boletos-ted-e-cheques/,Pix for businesses; Boleto and Bolepix,Sitemap URL path; not measured search queries or rankings
www.celcoin.com.br,https://www.celcoin.com.br/news/pix-diminui-circulacao-de-dinheiro-em-especie/,Pix for businesses,Sitemap URL path; not measured search queries or rankings
www.celcoin.com.br,https://www.celcoin.com.br/news/pix-e-erp-como-a-integracao-pode-ajudar-a-sua-empresa/,"Pix for businesses; POS, NFC and ready-made connectors",Sitemap URL path; not measured search queries or rankings
www.celcoin.com.br,https://www.celcoin.com.br/news/pix-em-2023/,Pix for businesses,Sitemap URL path; not measured search queries or rankings
www.celcoin.com.br,https://www.celcoin.com.br/news/pix-entre-populacao-mais-jovem/,Pix for businesses,Sitemap URL path; not measured search queries or rankings
www.celcoin.com.br,https://www.celcoin.com.br/news/pix-febraban-tech-2023/,Pix for businesses,Sitemap URL path; not measured search queries or rankings
www.celcoin.com.br,https://www.celcoin.com.br/news/pix-garantido-e-o-futuro-do-parcelamento-digital/,"Pix for businesses; Credit, installment plans and receivables",Sitemap URL path; not measured search queries or rankings
www.celcoin.com.br,https://www.celcoin.com.br/news/pix-indireto-integra-ao-mercado-financeiro/,Pix for businesses; Other fintech education,Sitemap URL path; not measured search queries or rankings
www.celcoin.com.br,https://www.celcoin.com.br/news/pix-indireto-o-que-e/,Pix for businesses,Sitemap URL path; not measured search queries or rankings
www.celcoin.com.br,https://www.celcoin.com.br/news/pix-internacional/,Pix for businesses,Sitemap URL path; not measured search queries or rankings
www.celcoin.com.br,https://www.celcoin.com.br/news/pix-meio-de-pagamento-favorito/,Pix for businesses; Other fintech education,Sitemap URL path; not measured search queries or rankings
www.celcoin.com.br,https://www.celcoin.com.br/news/pix-meio-de-pagamento-mais-popular-no-brasil/,Pix for businesses; Other fintech education,Sitemap URL path; not measured search queries or rankings
www.celcoin.com.br,https://www.celcoin.com.br/news/pix-no-comercio-eletronico/,Pix for businesses,Sitemap URL path; not measured search queries or rankings
www.celcoin.com.br,https://www.celcoin.com.br/news/pix-no-e-commerce-como-funciona-e-quais-as-taxas/,Pix for businesses,Sitemap URL path; not measured search queries or rankings
www.celcoin.com.br,https://www.celcoin.com.br/news/pix-no-e-commerce-veja-como-funciona-e-suas-vantagens/,Pix for businesses,Sitemap URL path; not measured search queries or rankings
www.celcoin.com.br,https://www.celcoin.com.br/news/pix-no-varejo/,Pix for businesses,Sitemap URL path; not measured search queries or rankings
www.celcoin.com.br,https://www.celcoin.com.br/news/pix-nos-pequenos-negocios/,Pix for businesses,Sitemap URL path; not measured search queries or rankings
www.celcoin.com.br,https://www.celcoin.com.br/news/pix-para-e-commerce-como-diminuir-o-abandono-de-carrinho-da-sua-loja/,Pix for businesses,Sitemap URL path; not measured search queries or rankings
www.celcoin.com.br,https://www.celcoin.com.br/news/pix-para-empresa-4-formas-de-recebimento/,Pix for businesses,Sitemap URL path; not measured search queries or rankings
www.celcoin.com.br,https://www.celcoin.com.br/news/pix-para-empresa-como-identificar-os-pagamentos-recebidos-via-pix/,Pix for businesses; Other fintech education,Sitemap URL path; not measured search queries or rankings
www.celcoin.com.br,https://www.celcoin.com.br/news/pix-para-empresa-e-seguro-2/,Pix for businesses,Sitemap URL path; not measured search queries or rankings
www.celcoin.com.br,https://www.celcoin.com.br/news/pix-para-empresas-ate-qual-quantia-posso-receber-dos-meus-clientes/,Pix for businesses,Sitemap URL path; not measured search queries or rankings
www.celcoin.com.br,https://www.celcoin.com.br/news/pix-para-empresas-quais-as-taxas-praticadas-2/,Pix for businesses,Sitemap URL path; not measured search queries or rankings
www.celcoin.com.br,https://www.celcoin.com.br/news/pix-para-parcelamento/,"Pix for businesses; Credit, installment plans and receivables",Sitemap URL path; not measured search queries or rankings
www.celcoin.com.br,https://www.celcoin.com.br/news/pix-parcelamento-cresce-em-bancos-digitais/,"Pix for businesses; Credit, installment plans and receivables",Sitemap URL path; not measured search queries or rankings
www.celcoin.com.br,https://www.celcoin.com.br/news/pix-pf-x-pix-pj-qual-a-diferenca-2/,Pix for businesses,Sitemap URL path; not measured search queries or rankings
www.celcoin.com.br,https://www.celcoin.com.br/news/pix-pj-conheca-as-taxas-cobradas-pelos-principais-bancos-no-brasil/,Pix for businesses,Sitemap URL path; not measured search queries or rankings
www.celcoin.com.br,https://www.celcoin.com.br/news/pix-populariza-pagamento-automatico-e-por-aproximacao/,"Pix for businesses; Automatic or recurring Pix; POS, NFC and ready-made connectors; Other fintech education",Sitemap URL path; not measured search queries or rankings
www.celcoin.com.br,https://www.celcoin.com.br/news/pix-pos-pago/,Pix for businesses,Sitemap URL path; not measured search queries or rankings
www.celcoin.com.br,https://www.celcoin.com.br/news/pix-qr-code/,Pix for businesses; Pix collection and QR code,Sitemap URL path; not measured search queries or rankings
www.celcoin.com.br,https://www.celcoin.com.br/news/pix-recebimento-recorrente-para-provedores-de-internet/,Pix for businesses; Automatic or recurring Pix,Sitemap URL path; not measured search queries or rankings
www.celcoin.com.br,https://www.celcoin.com.br/news/pix-recebimento-recorrente-reducao-de-inadimplencia-em-escolas/,Pix for businesses; Automatic or recurring Pix,Sitemap URL path; not measured search queries or rankings
www.celcoin.com.br,https://www.celcoin.com.br/news/pix-saque-e-pix-troco-mapa-mostra-locais-para-fazer/,Pix for businesses,Sitemap URL path; not measured search queries or rankings
www.celcoin.com.br,https://www.celcoin.com.br/news/pix-saque-pix-troco/,Pix for businesses,Sitemap URL path; not measured search queries or rankings
www.celcoin.com.br,https://www.celcoin.com.br/news/pix-segue-como-principal-instrumento-de-pagamento/,Pix for businesses; Other fintech education,Sitemap URL path; not measured search queries or rankings
www.celcoin.com.br,https://www.celcoin.com.br/news/pix-simplicidade-que-conquistou-o-brasil/,Pix for businesses,Sitemap URL path; not measured search queries or rankings
www.celcoin.com.br,https://www.celcoin.com.br/news/pix-sucesso-nacional-diz-presidente-da-febraban/,Pix for businesses,Sitemap URL path; not measured search queries or rankings
www.celcoin.com.br,https://www.celcoin.com.br/news/pix-supera-debito-no-e-commerce/,Pix for businesses,Sitemap URL path; not measured search queries or rankings
www.celcoin.com.br,https://www.celcoin.com.br/news/pix-ted-aposentam-doc-tec-para-2024/,Pix for businesses,Sitemap URL path; not measured search queries or rankings
www.celcoin.com.br,https://www.celcoin.com.br/news/pix-the-most-used-method-of-payment-in-brazil/,Pix for businesses; Other fintech education,Sitemap URL path; not measured search queries or rankings
www.celcoin.com.br,https://www.celcoin.com.br/news/pix-ultrapassa-151-milhoes-de-usuarios/,Pix for businesses,Sitemap URL path; not measured search queries or rankings
www.celcoin.com.br,https://www.celcoin.com.br/news/pix-versus-upi-no-mercado-global/,Pix for businesses,Sitemap URL path; not measured search queries or rankings
www.celcoin.com.br,https://www.celcoin.com.br/news/planejamento-financeiro-familiar/,Other fintech education,Sitemap URL path; not measured search queries or rankings
www.celcoin.com.br,https://www.celcoin.com.br/news/planejamento-financeiro-para-autonomos/,Other fintech education,Sitemap URL path; not measured search queries or rankings
www.celcoin.com.br,https://www.celcoin.com.br/news/planejamento-financeiro-para-seu-negocio/,Other fintech education,Sitemap URL path; not measured search queries or rankings
www.celcoin.com.br,https://www.celcoin.com.br/news/plataforma-de-bem-estar-financeiro-para-empresas-e-colaboradores/,Other fintech education,Sitemap URL path; not measured search queries or rankings
www.celcoin.com.br,https://www.celcoin.com.br/news/plataforma-de-pagamento-recorrente-e-apenas-uma-tendencia-ou-evolucao/,Automatic or recurring Pix; Other fintech education,Sitemap URL path; not measured search queries or rankings
www.celcoin.com.br,https://www.celcoin.com.br/news/plataforma-de-pagamento-recorrente-para-contabilidade/,Automatic or recurring Pix; Other fintech education,Sitemap URL path; not measured search queries or rankings
www.celcoin.com.br,https://www.celcoin.com.br/news/plataforma-de-pagamento-recorrente-para-educador-fisico/,Automatic or recurring Pix; Other fintech education,Sitemap URL path; not measured search queries or rankings
www.celcoin.com.br,https://www.celcoin.com.br/news/plataforma-de-pagamento-recorrente-para-escolas-de-danca/,Automatic or recurring Pix; Other fintech education,Sitemap URL path; not measured search queries or rankings
www.celcoin.com.br,https://www.celcoin.com.br/news/plataforma-de-pagamento-recorrente-para-pet-shops/,Automatic or recurring Pix; Other fintech education,Sitemap URL path; not measured search queries or rankings
www.celcoin.com.br,https://www.celcoin.com.br/news/plataforma-para-vender-cursos-online-com-cobranca-recorrente-no-cartao-de-credito/,"Pix collection and QR code; Automatic or recurring Pix; Credit, installment plans and receivables",Sitemap URL path; not measured search queries or rankings
www.celcoin.com.br,https://www.celcoin.com.br/news/por-que-a-arquitetura-de-microsservicos-e-fundamental-para-instituicoes-financeiras/,Other fintech education,Sitemap URL path; not measured search queries or rankings
www.celcoin.com.br,https://www.celcoin.com.br/news/por-que-bancos-e-fintechs-cobram-pelo-pix-pj/,Pix for businesses,Sitemap URL path; not measured search queries or rankings
www.celcoin.com.br,https://www.celcoin.com.br/news/por-que-devo-investir-em-uma-api-de-boletos/,Boleto and Bolepix,Sitemap URL path; not measured search queries or rankings
www.celcoin.com.br,https://www.celcoin.com.br/news/por-que-escolher-uma-plataforma-de-pagamento-recorrente/,Automatic or recurring Pix; Other fintech education,Sitemap URL path; not measured search queries or rankings
www.celcoin.com.br,https://www.celcoin.com.br/news/por-que-investir-em-solucao-de-pagamento-online/,Other fintech education,Sitemap URL path; not measured search queries or rankings
www.celcoin.com.br,https://www.celcoin.com.br/news/por-que-receber-pagamento-por-cartao-de-credito-no-meu-consultorio/,"Credit, installment plans and receivables; Other fintech education",Sitemap URL path; not measured search queries or rankings
www.celcoin.com.br,https://www.celcoin.com.br/news/por-que-setores-oferecem-solucoes-financeiras/,Other fintech education,Sitemap URL path; not measured search queries or rankings
www.celcoin.com.br,https://www.celcoin.com.br/news/por-que-softwares-de-gestao-para-pix-sao-uteis/,Pix for businesses,Sitemap URL path; not measured search queries or rankings
www.celcoin.com.br,https://www.celcoin.com.br/news/por-que-usar-o-pagamento-recorrente-com-pix-2/,Pix for businesses; Automatic or recurring Pix; Other fintech education,Sitemap URL path; not measured search queries or rankings
www.celcoin.com.br,https://www.celcoin.com.br/news/por-que-usar-o-pagamento-recorrente-com-pix/,Pix for businesses; Automatic or recurring Pix; Other fintech education,Sitemap URL path; not measured search queries or rankings
www.celcoin.com.br,https://www.celcoin.com.br/news/por-que-usar-o-pix-para-e-commerce-em-sua-loja/,Pix for businesses,Sitemap URL path; not measured search queries or rankings
www.celcoin.com.br,https://www.celcoin.com.br/news/por-que-usar-um-sistema-de-cobranca-recorrente-em-seu-restaurante/,Pix collection and QR code; Automatic or recurring Pix,Sitemap URL path; not measured search queries or rankings
www.celcoin.com.br,https://www.celcoin.com.br/news/previsoes-embedded-finance/,Banking as a Service and embedded finance; Other fintech education,Sitemap URL path; not measured search queries or rankings
www.celcoin.com.br,https://www.celcoin.com.br/news/principais-solucoes-financeiras-do-mercado/,Other fintech education,Sitemap URL path; not measured search queries or rankings
www.celcoin.com.br,https://www.celcoin.com.br/news/professores-particulares-precisam-de-um-metodo-de-cobranca-eficiente/,Pix collection and QR code,Sitemap URL path; not measured search queries or rankings
www.celcoin.com.br,https://www.celcoin.com.br/news/projeto-nexus-o-pix-global-avanca-no-hub-de-inovacao-do-bis/,Pix for businesses,Sitemap URL path; not measured search queries or rankings
www.celcoin.com.br,https://www.celcoin.com.br/news/quais-as-formas-de-receber-pagamento-recorrente/,Automatic or recurring Pix; Other fintech education,Sitemap URL path; not measured search queries or rankings
www.celcoin.com.br,https://www.celcoin.com.br/news/quais-metodos-de-pagamento-aplicar-para-deixar-os-clientes-felizes/,Other fintech education,Sitemap URL path; not measured search queries or rankings
www.celcoin.com.br,https://www.celcoin.com.br/news/quais-sao-as-formas-de-receber-pagamento-no-cartao-de-credito/,"Credit, installment plans and receivables; Other fintech education",Sitemap URL path; not measured search queries or rankings
www.celcoin.com.br,https://www.celcoin.com.br/news/qual-a-melhor-opcao-de-pagamento-para-minha-loja/,Other fintech education,Sitemap URL path; not measured search queries or rankings
www.celcoin.com.br,https://www.celcoin.com.br/news/qual-a-melhor-plataforma-de-pagamento-recorrente/,Automatic or recurring Pix; Other fintech education,Sitemap URL path; not measured search queries or rankings
www.celcoin.com.br,https://www.celcoin.com.br/news/qual-e-a-melhor-plataforma-de-solucao-para-pagamento-online-em-2023/,Other fintech education,Sitemap URL path; not measured search queries or rankings
www.celcoin.com.br,https://www.celcoin.com.br/news/qualidade-nos-servicos-financeiros-online-e-um-fator-decisivo-nas-escolhas-dos-clientes/,Other fintech education,Sitemap URL path; not measured search queries or rankings
www.celcoin.com.br,https://www.celcoin.com.br/news/qualquer-empresa-pode-receber-por-pagamento-recorrente-2/,Automatic or recurring Pix; Other fintech education,Sitemap URL path; not measured search queries or rankings
www.celcoin.com.br,https://www.celcoin.com.br/news/qualquer-empresa-pode-receber-por-pagamento-recorrente/,Automatic or recurring Pix; Other fintech education,Sitemap URL path; not measured search queries or rankings
www.celcoin.com.br,https://www.celcoin.com.br/news/qualquer-empresa-pode-ter-um-banco-digital-white-label/,Neobank and white label,Sitemap URL path; not measured search queries or rankings
www.celcoin.com.br,https://www.celcoin.com.br/news/quem-pode-usar-o-pix-pj/,Pix for businesses,Sitemap URL path; not measured search queries or rankings
www.celcoin.com.br,https://www.celcoin.com.br/news/receba-pagamentos-no-credito-e-cobre-juros-e-multas-com-atraso/,"Credit, installment plans and receivables; Other fintech education",Sitemap URL path; not measured search queries or rankings
www.celcoin.com.br,https://www.celcoin.com.br/news/receber-pagamento-cartao-de-credito-quais-sao-as-taxas/,"Credit, installment plans and receivables; Other fintech education",Sitemap URL path; not measured search queries or rankings
www.celcoin.com.br,https://www.celcoin.com.br/news/receber-pagamento-de-cartao-de-credito-em-agencias-de-marketing/,"Credit, installment plans and receivables; Other fintech education",Sitemap URL path; not measured search queries or rankings
www.celcoin.com.br,https://www.celcoin.com.br/news/receber-pagamento-no-cartao-de-credito-sem-maquininha/,"Credit, installment plans and receivables; POS, NFC and ready-made connectors; Other fintech education",Sitemap URL path; not measured search queries or rankings
www.celcoin.com.br,https://www.celcoin.com.br/news/receber-pagamento-online-e-essencial-para-a-sobrevivencia-das-empresas/,Other fintech education,Sitemap URL path; not measured search queries or rankings
www.celcoin.com.br,https://www.celcoin.com.br/news/receber-pagamento-por-cartao-de-credito-como-comecar/,"Credit, installment plans and receivables; Other fintech education",Sitemap URL path; not measured search queries or rankings
www.celcoin.com.br,https://www.celcoin.com.br/news/receber-pagamento-por-cartao-de-credito-tudo-o-que-voce-precisa-saber/,"Credit, installment plans and receivables; Other fintech education",Sitemap URL path; not measured search queries or rankings
www.celcoin.com.br,https://www.celcoin.com.br/news/receber-pagamento-recorrente-em-farmacias/,Automatic or recurring Pix; Other fintech education,Sitemap URL path; not measured search queries or rankings
www.celcoin.com.br,https://www.celcoin.com.br/news/receber-pagamento-recorrente-o-segredo-do-sucesso-de-grandes-empresas/,Automatic or recurring Pix; Other fintech education,Sitemap URL path; not measured search queries or rankings
www.celcoin.com.br,https://www.celcoin.com.br/news/receber-pagamento-recorrente-solucao-em-clube-de-assinatura-de-livros/,Automatic or recurring Pix; Other fintech education,Sitemap URL path; not measured search queries or rankings
www.celcoin.com.br,https://www.celcoin.com.br/news/recebimento-recorrente-via-pix/,Pix for businesses; Automatic or recurring Pix,Sitemap URL path; not measured search queries or rankings
www.celcoin.com.br,https://www.celcoin.com.br/news/recorde-pix-agenda-2023/,Pix for businesses,Sitemap URL path; not measured search queries or rankings
www.celcoin.com.br,https://www.celcoin.com.br/news/recorrencia-via-boleto/,Automatic or recurring Pix; Boleto and Bolepix,Sitemap URL path; not measured search queries or rankings
www.celcoin.com.br,https://www.celcoin.com.br/news/recorrencia-x-parcelamento-qual-e-mais-vantajoso/,"Automatic or recurring Pix; Credit, installment plans and receivables",Sitemap URL path; not measured search queries or rankings
www.celcoin.com.br,https://www.celcoin.com.br/news/regua-de-cobranca/,Pix collection and QR code,Sitemap URL path; not measured search queries or rankings
www.celcoin.com.br,https://www.celcoin.com.br/news/relatorios-financeiros/,Other fintech education,Sitemap URL path; not measured search queries or rankings
www.celcoin.com.br,https://www.celcoin.com.br/news/resolucao-276-pix/,Pix for businesses,Sitemap URL path; not measured search queries or rankings
www.celcoin.com.br,https://www.celcoin.com.br/news/revolucao-dos-servicos-financeiros-no-varejo/,Other fintech education,Sitemap URL path; not measured search queries or rankings
www.celcoin.com.br,https://www.celcoin.com.br/news/saiba-como-funciona-o-processo-de-pagamento-recorrente-com-pix/,Pix for businesses; Automatic or recurring Pix; Other fintech education,Sitemap URL path; not measured search queries or rankings
www.celcoin.com.br,https://www.celcoin.com.br/news/saiba-como-gerenciar-o-setor-financeiro-do-seu-negocio/,Other fintech education,Sitemap URL path; not measured search queries or rankings
www.celcoin.com.br,https://www.celcoin.com.br/news/saiba-como-receber-pagamento-online-por-cartao-de-credito-sem-maquininha/,"Credit, installment plans and receivables; POS, NFC and ready-made connectors; Other fintech education",Sitemap URL path; not measured search queries or rankings
www.celcoin.com.br,https://www.celcoin.com.br/news/saiba-tudo-sobre-cobranca-recorrente-via-cartao-de-credito/,"Pix collection and QR code; Automatic or recurring Pix; Credit, installment plans and receivables",Sitemap URL path; not measured search queries or rankings
www.celcoin.com.br,https://www.celcoin.com.br/news/saiba-tudo-sobre-debito-recorrente-em-estacionamentos/,Automatic or recurring Pix,Sitemap URL path; not measured search queries or rankings
www.celcoin.com.br,https://www.celcoin.com.br/news/saiba-tudo-sobre-debito-recorrente-na-academia/,Automatic or recurring Pix,Sitemap URL path; not measured search queries or rankings
www.celcoin.com.br,https://www.celcoin.com.br/news/saiba-tudo-sobre-debito-recorrente-nas-escolas/,Automatic or recurring Pix,Sitemap URL path; not measured search queries or rankings
www.celcoin.com.br,https://www.celcoin.com.br/news/saiba-tudo-sobre-debito-recorrente-para-clube-de-assinaturas/,Automatic or recurring Pix,Sitemap URL path; not measured search queries or rankings
www.celcoin.com.br,https://www.celcoin.com.br/news/saiba-tudo-sobre-debito-recorrente-para-escola-de-idiomas/,Automatic or recurring Pix,Sitemap URL path; not measured search queries or rankings
www.celcoin.com.br,https://www.celcoin.com.br/news/saiba-tudo-sobre-pagamento-recorrente-via-cartao-de-credito/,"Automatic or recurring Pix; Credit, installment plans and receivables; Other fintech education",Sitemap URL path; not measured search queries or rankings
www.celcoin.com.br,https://www.celcoin.com.br/news/saiba-tudo-sobre-receber-pagamento-recorrente-em-salao-de-beleza/,Automatic or recurring Pix; Other fintech education,Sitemap URL path; not measured search queries or rankings
www.celcoin.com.br,https://www.celcoin.com.br/news/saude-descobre-o-potencial-do-endofinance/,Other fintech education,Sitemap URL path; not measured search queries or rankings
www.celcoin.com.br,https://www.celcoin.com.br/news/saude-financeira-brasil/,Other fintech education,Sitemap URL path; not measured search queries or rankings
www.celcoin.com.br,https://www.celcoin.com.br/news/securitizadoras-e-o-mercado-de-capitais/,,Sitemap URL path; not measured search queries or rankings
www.celcoin.com.br,https://www.celcoin.com.br/news/segmentos-que-mais-se-beneficiam-com-o-sistema-de-cobranca-recorrente/,Pix collection and QR code; Automatic or recurring Pix,Sitemap URL path; not measured search queries or rankings
www.celcoin.com.br,https://www.celcoin.com.br/news/segunda-fase-open-banking-2/,Other fintech education,Sitemap URL path; not measured search queries or rankings
www.celcoin.com.br,https://www.celcoin.com.br/news/segunda-fase-open-banking/,Other fintech education,Sitemap URL path; not measured search queries or rankings
www.celcoin.com.br,https://www.celcoin.com.br/news/segundo-volume-pesquisa-da-febraban-open-finance/,Other fintech education,Sitemap URL path; not measured search queries or rankings
www.celcoin.com.br,https://www.celcoin.com.br/news/seguranca-da-informacao-em-pagamentos/,Other fintech education,Sitemap URL path; not measured search queries or rankings
www.celcoin.com.br,https://www.celcoin.com.br/news/seguranca-dados-pix/,Pix for businesses,Sitemap URL path; not measured search queries or rankings
www.celcoin.com.br,https://www.celcoin.com.br/news/seguranca-de-dados-em-solucoes-de-baas/,Banking as a Service and embedded finance,Sitemap URL path; not measured search queries or rankings
www.celcoin.com.br,https://www.celcoin.com.br/news/seguranca-do-pix/,Pix for businesses,Sitemap URL path; not measured search queries or rankings
www.celcoin.com.br,https://www.celcoin.com.br/news/seguranca-e-experiencia-open-finance/,Other fintech education,Sitemap URL path; not measured search queries or rankings
www.celcoin.com.br,https://www.celcoin.com.br/news/seguranca-open-finance-no-brasil/,Other fintech education,Sitemap URL path; not measured search queries or rankings
www.celcoin.com.br,https://www.celcoin.com.br/news/servicos-financeiros-para-empresas/,Other fintech education,Sitemap URL path; not measured search queries or rankings
www.celcoin.com.br,https://www.celcoin.com.br/news/setor-de-cobranca/,Pix collection and QR code,Sitemap URL path; not measured search queries or rankings
www.celcoin.com.br,https://www.celcoin.com.br/news/simplificacao-do-setor-financeiro/,Other fintech education,Sitemap URL path; not measured search queries or rankings
www.celcoin.com.br,https://www.celcoin.com.br/news/sistema-de-cobranca-recorrente-com-emissao-automatica-de-nota-fiscal/,Pix collection and QR code; Automatic or recurring Pix,Sitemap URL path; not measured search queries or rankings
www.celcoin.com.br,https://www.celcoin.com.br/news/sistema-de-cobranca-recorrente-para-universidade-fim-da-inadimplencia/,Pix collection and QR code; Automatic or recurring Pix,Sitemap URL path; not measured search queries or rankings
www.celcoin.com.br,https://www.celcoin.com.br/news/sistema-de-gestao-empresarial-para-cobrancas-recorrentes/,Pix collection and QR code; Automatic or recurring Pix,Sitemap URL path; not measured search queries or rankings
www.celcoin.com.br,https://www.celcoin.com.br/news/sistema-de-pagamento-pci-o-que-e-qual-a-importancia/,Other fintech education,Sitemap URL path; not measured search queries or rankings
www.celcoin.com.br,https://www.celcoin.com.br/news/sistema-financeiro-lgpd/,Other fintech education,Sitemap URL path; not measured search queries or rankings
www.celcoin.com.br,https://www.celcoin.com.br/news/solucao-financeira/,Other fintech education,Sitemap URL path; not measured search queries or rankings
www.celcoin.com.br,https://www.celcoin.com.br/news/solucao-regulatoria-no-mercado-financeiro/,Other fintech education,Sitemap URL path; not measured search queries or rankings
www.celcoin.com.br,https://www.celcoin.com.br/news/solucoes-antifraude-para-pix-no-varejo/,Pix for businesses,Sitemap URL path; not measured search queries or rankings
www.celcoin.com.br,https://www.celcoin.com.br/news/solucoes-celcoin-open-finance-awards/,Other fintech education,Sitemap URL path; not measured search queries or rankings
www.celcoin.com.br,https://www.celcoin.com.br/news/solucoes-de-pagamento-para-grandes-empresas/,Other fintech education,Sitemap URL path; not measured search queries or rankings
www.celcoin.com.br,https://www.celcoin.com.br/news/solucoes-financeiras-para-o-mercado-de-capitais/,Other fintech education,Sitemap URL path; not measured search queries or rankings
www.celcoin.com.br,https://www.celcoin.com.br/news/split-de-pagamentos/,Split payments; Other fintech education,Sitemap URL path; not measured search queries or rankings
www.celcoin.com.br,https://www.celcoin.com.br/news/split-payment-avanca-com-manual-de-integracao-e-swagger/,Split payments; Other fintech education,Sitemap URL path; not measured search queries or rankings
www.celcoin.com.br,https://www.celcoin.com.br/news/startup-e-unica-instituicao-de-pagamentos-do-brasil-a-obter-a-certificacao-empresa-b/,Other fintech education,Sitemap URL path; not measured search queries or rankings
www.celcoin.com.br,https://www.celcoin.com.br/news/sua-empresa-esta-em-desvantagem-por-nao-receber-pagamento-recorrente/,Automatic or recurring Pix; Other fintech education,Sitemap URL path; not measured search queries or rankings
www.celcoin.com.br,https://www.celcoin.com.br/news/sua-empresa-se-enquadra-no-modelo-recorrente/,Automatic or recurring Pix,Sitemap URL path; not measured search queries or rankings
www.celcoin.com.br,https://www.celcoin.com.br/news/subadquirencia-ecommerce-gestao-pagamentos/,Other fintech education,Sitemap URL path; not measured search queries or rankings
www.celcoin.com.br,https://www.celcoin.com.br/news/tech-trends-report-sobre-os-servicos-financeiros/,Other fintech education,Sitemap URL path; not measured search queries or rankings
www.celcoin.com.br,https://www.celcoin.com.br/news/ted-versus-pix-no-b2b/,Pix for businesses,Sitemap URL path; not measured search queries or rankings
www.celcoin.com.br,https://www.celcoin.com.br/news/tem-inicio-a-1a-fase-do-open-banking-no-brasil/,Other fintech education,Sitemap URL path; not measured search queries or rankings
www.celcoin.com.br,https://www.celcoin.com.br/news/tendencias-do-setor-financeiro-para-2024/,Other fintech education,Sitemap URL path; not measured search queries or rankings
www.celcoin.com.br,https://www.celcoin.com.br/news/tendencias-e-proximos-passos-do-open-finance-no-brasil/,Other fintech education,Sitemap URL path; not measured search queries or rankings
www.celcoin.com.br,https://www.celcoin.com.br/news/tendencias-para-o-processo-de-cobranca/,Pix collection and QR code,Sitemap URL path; not measured search queries or rankings
www.celcoin.com.br,https://www.celcoin.com.br/news/tendencias-tecnologicas-para-o-mercado-financeiro/,Other fintech education,Sitemap URL path; not measured search queries or rankings
www.celcoin.com.br,https://www.celcoin.com.br/news/tendencias-tecnologicas-para-servicos-financeiros-em-2026/,Other fintech education,Sitemap URL path; not measured search queries or rankings
www.celcoin.com.br,https://www.celcoin.com.br/news/transformacao-digital-servicos-financeiros-futuro/,Other fintech education,Sitemap URL path; not measured search queries or rankings
www.celcoin.com.br,https://www.celcoin.com.br/news/transformacao-open-banking/,Other fintech education,Sitemap URL path; not measured search queries or rankings
www.celcoin.com.br,https://www.celcoin.com.br/news/tudo-que-voce-precisa-saber-sobre-capital-de-giro/,,Sitemap URL path; not measured search queries or rankings
www.celcoin.com.br,https://www.celcoin.com.br/news/tudo-sobre-core-banking/,Other fintech education,Sitemap URL path; not measured search queries or rankings
www.celcoin.com.br,https://www.celcoin.com.br/news/tudo-sobre-meios-de-pagamento-digitais/,Other fintech education,Sitemap URL path; not measured search queries or rankings
www.celcoin.com.br,https://www.celcoin.com.br/news/tudo-sobre-o-embedded-credit/,"Credit, installment plans and receivables",Sitemap URL path; not measured search queries or rankings
www.celcoin.com.br,https://www.celcoin.com.br/news/tudo-sobre-o-open-finance/,Other fintech education,Sitemap URL path; not measured search queries or rankings
www.celcoin.com.br,https://www.celcoin.com.br/news/uso-inteligente-dados-open-finance-hiperpersonalizacao-de-servicos/,"POS, NFC and ready-made connectors; Other fintech education",Sitemap URL path; not measured search queries or rankings
www.celcoin.com.br,https://www.celcoin.com.br/news/vale-a-pena-contratar-um-sistema-de-cobranca-recorrente/,Pix collection and QR code; Automatic or recurring Pix,Sitemap URL path; not measured search queries or rankings
www.celcoin.com.br,https://www.celcoin.com.br/news/vale-a-pena-usar-debito-recorrente/,Automatic or recurring Pix,Sitemap URL path; not measured search queries or rankings
www.celcoin.com.br,https://www.celcoin.com.br/news/vantagens-banking-as-a-service/,Banking as a Service and embedded finance; Other fintech education,Sitemap URL path; not measured search queries or rankings
www.celcoin.com.br,https://www.celcoin.com.br/news/vantagens-de-se-utilizar-debito-recorrente-em-clube-de-assinaturas/,Automatic or recurring Pix,Sitemap URL path; not measured search queries or rankings
www.celcoin.com.br,https://www.celcoin.com.br/news/vantagens-de-se-utilizar-debito-recorrente-em-seu-estacionamento/,Automatic or recurring Pix,Sitemap URL path; not measured search queries or rankings
www.celcoin.com.br,https://www.celcoin.com.br/news/vantagens-de-usar-a-cobranca-recorrente-no-crossfit/,Pix collection and QR code; Automatic or recurring Pix,Sitemap URL path; not measured search queries or rankings
www.celcoin.com.br,https://www.celcoin.com.br/news/vantagens-de-usar-cobranca-recorrente-no-escritorio-de-advocacia/,Pix collection and QR code; Automatic or recurring Pix,Sitemap URL path; not measured search queries or rankings
www.celcoin.com.br,https://www.celcoin.com.br/news/vantagens-de-usar-o-pagamento-recorrente-2/,Automatic or recurring Pix; Other fintech education,Sitemap URL path; not measured search queries or rankings
www.celcoin.com.br,https://www.celcoin.com.br/news/vantagens-de-usar-o-pagamento-recorrente/,Automatic or recurring Pix; Other fintech education,Sitemap URL path; not measured search queries or rankings
www.celcoin.com.br,https://www.celcoin.com.br/news/vantagens-de-utilizar-debito-recorrente-em-clubes-de-lazer/,Automatic or recurring Pix,Sitemap URL path; not measured search queries or rankings
www.celcoin.com.br,https://www.celcoin.com.br/news/vantagens-de-utilizar-debito-recorrente-na-sua-academia/,Automatic or recurring Pix,Sitemap URL path; not measured search queries or rankings
www.celcoin.com.br,https://www.celcoin.com.br/news/vantagens-de-utilizar-o-debito-recorrente-na-escola-de-idiomas/,Automatic or recurring Pix,Sitemap URL path; not measured search queries or rankings
www.celcoin.com.br,https://www.celcoin.com.br/news/vantagens-do-cartao-white-label-para-sua-empresa/,Neobank and white label,Sitemap URL path; not measured search queries or rankings
www.celcoin.com.br,https://www.celcoin.com.br/news/vantagens-do-open-banking-e-o-futuro-deste-modelo/,Other fintech education,Sitemap URL path; not measured search queries or rankings
www.celcoin.com.br,https://www.celcoin.com.br/news/vantagens-do-open-finance/,Other fintech education,Sitemap URL path; not measured search queries or rankings
www.celcoin.com.br,https://www.celcoin.com.br/news/vantagens-em-oferecer-diferentes-meios-de-pagamento-no-seu-e-commerce/,Other fintech education,Sitemap URL path; not measured search queries or rankings
www.celcoin.com.br,https://www.celcoin.com.br/news/vantagens-em-utilizar-o-debito-recorrente-na-minha-escola/,Automatic or recurring Pix,Sitemap URL path; not measured search queries or rankings
www.celcoin.com.br,https://www.celcoin.com.br/news/vantagens-em-utilizar-o-debito-recorrente-nas-clinicas-odontologicas/,Automatic or recurring Pix,Sitemap URL path; not measured search queries or rankings
www.celcoin.com.br,https://www.celcoin.com.br/news/vantagens-link-de-pagamento/,Other fintech education,Sitemap URL path; not measured search queries or rankings
www.celcoin.com.br,https://www.celcoin.com.br/news/vantagens-que-a-solucao-de-pagamento-online-oferece-para-a-sua-empresa/,Other fintech education,Sitemap URL path; not measured search queries or rankings
www.celcoin.com.br,https://www.celcoin.com.br/news/varejo-e-open-banking/,Other fintech education,Sitemap URL path; not measured search queries or rankings
www.celcoin.com.br,https://www.celcoin.com.br/news/venda-online-de-forma-rapida-com-link-de-pagamento/,Other fintech education,Sitemap URL path; not measured search queries or rankings
www.celcoin.com.br,https://www.celcoin.com.br/news/venda-recorrente/,Automatic or recurring Pix,Sitemap URL path; not measured search queries or rankings
www.celcoin.com.br,https://www.celcoin.com.br/news/vendas-pelo-whatsapp-com-link-de-pagamento/,Other fintech education,Sitemap URL path; not measured search queries or rankings
www.celcoin.com.br,https://www.celcoin.com.br/news/venture-capital/,,Sitemap URL path; not measured search queries or rankings
www.celcoin.com.br,https://www.celcoin.com.br/news/volume-de-dados-open-finance-solucoes-mais-inovadoras/,Other fintech education,Sitemap URL path; not measured search queries or rankings
www.celcoin.com.br,https://www.celcoin.com.br/news/webinar-open-banking/,Other fintech education,Sitemap URL path; not measured search queries or rankings
www.celcoin.com.br,https://www.celcoin.com.br/news/whatsapp-como-plataforma-financeira/,Other fintech education,Sitemap URL path; not measured search queries or rankings
www.celcoin.com.br,https://www.celcoin.com.br/news/white-label-no-varejo-produtos-financeiros-personalizados/,Neobank and white label; Other fintech education,Sitemap URL path; not measured search queries or rankings
www.celcoin.com.br,https://www.celcoin.com.br/news/woocommerce-pagamento-plugin-gratis/,"POS, NFC and ready-made connectors; Other fintech education",Sitemap URL path; not measured search queries or rankings
www.celcoin.com.br,https://www.celcoin.com.br/open-finance/,Other fintech education,Sitemap URL path; not measured search queries or rankings
www.celcoin.com.br,https://www.celcoin.com.br/open-finance/cadastro-expresso/,Other fintech education,Sitemap URL path; not measured search queries or rankings
www.celcoin.com.br,https://www.celcoin.com.br/open-finance/cobrancas-recorrentes/,Pix collection and QR code; Automatic or recurring Pix; Other fintech education,Sitemap URL path; not measured search queries or rankings
www.celcoin.com.br,https://www.celcoin.com.br/open-finance/financial-data/,Other fintech education,Sitemap URL path; not measured search queries or rankings
www.celcoin.com.br,https://www.celcoin.com.br/open-finance/pagamentos-automaticos/,Automatic or recurring Pix; Other fintech education,Sitemap URL path; not measured search queries or rankings
www.celcoin.com.br,https://www.celcoin.com.br/open-finance/pagamentos-por-aproximacao/,"POS, NFC and ready-made connectors; Other fintech education",Sitemap URL path; not measured search queries or rankings
www.celcoin.com.br,https://www.celcoin.com.br/open-finance/pagamentos-por-biometria/,Other fintech education,Sitemap URL path; not measured search queries or rankings
www.celcoin.com.br,https://www.celcoin.com.br/open-finance/transferencias-inteligentes/,Other fintech education,Sitemap URL path; not measured search queries or rankings
hodle.com.br,https://hodle.com.br/api-pix-stablecoin,Pix for businesses; Pix API and payment APIs; Pix to stablecoins,Sitemap URL path; not measured search queries or rankings
hodle.com.br,https://hodle.com.br/comprar-bitcoin-com-pix,Pix for businesses,Sitemap URL path; not measured search queries or rankings
hodle.com.br,https://hodle.com.br/comprar-usdt-com-pix,Pix for businesses,Sitemap URL path; not measured search queries or rankings
hodle.com.br,https://hodle.com.br/gateway-de-pagamento-cripto,Pix to stablecoins; Other fintech education,Sitemap URL path; not measured search queries or rankings
hodle.com.br,https://hodle.com.br/lightning-para-pix,Pix for businesses,Sitemap URL path; not measured search queries or rankings
hodle.com.br,https://hodle.com.br/pagar-pix-com-usdt,Pix for businesses,Sitemap URL path; not measured search queries or rankings
hodle.com.br,https://hodle.com.br/receber-pix-em-stablecoin,Pix for businesses; Pix to stablecoins,Sitemap URL path; not measured search queries or rankings
